message,predicted_label
"Oh right, ok. I'll make sure that i do loads of work during the day!  got a really nasty cough today and is dry n shot so that should really help it!",Ham
I am in tirupur.  call you da.,Ham
No that just means you have a fat head,Ham
"You have won ?1,000 cash or a ?2,000 prize! To claim, call09050000327",Spam
Come aftr  &lt;DECIMAL&gt; ..now i m cleaning the house,Ham
Friendship poem: Dear O Dear U R Not Near But I Can Hear Dont Get Fear Live With Cheer No More Tear U R Always my Dear. Gud ni8,Ham
Wot about on wed nite I am 3 then but only til 9!,Ham
Dont talk to him ever ok its my word.,Ham
Congrats kano..whr s the treat maga?,Ham
Eh u remember how 2 spell his name... Yes i did. He v naughty make until i v wet.,Ham
"Sorry, I'll call later",Ham
"It's cool, we can last a little while. Getting more any time soon?",Ham
K. I will sent it again,Ham
Ok lor but not too early. Me still having project meeting now.,Ham
IÛ÷ll have a look at the frying pan in case itÛ÷s cheap or a book perhaps. No thatÛ÷s silly a frying pan isnÛ÷t likely to be a book,Ham
Was just about to ask. Will keep this one. Maybe that's why you didn't get all the messages we sent you on glo,Ham
"There're some people by mu, I'm at the table by lambda",Ham
Oh k...i'm watching here:),Ham
Need a coffee run tomo?Can't believe it's that time of week already,Ham
"Derp. Which is worse, a dude who always wants to party or a dude who files a complaint about the three drug abusers he lives with",Ham
You still around? I could use a half-8th,Ham
So why didnt you holla?,Ham
We left already we at orchard now.,Ham
You are now unsubscribed all services. Get tons of sexy babes or hunks straight to your phone! go to http://gotbabes.co.uk. No subscriptions.,Spam
Friendship poem: Dear O Dear U R Not Near But I Can Hear Dont Get Fear Live With Cheer No More Tear U R Always my Dear. Gud ni8,Ham
Yeh. Indians was nice. Tho it did kane me off a bit he he. We shud go out 4 a drink sometime soon. Mite hav 2 go 2 da works 4 a laugh soon. Love Pete x x,Ham
"Sorry, I'll call later",Ham
"Alright, I'll head out in a few minutes, text me where to meet you",Ham
"Yep, at derek's house now, see you Sunday &lt;3",Ham
Goodo! Yes we must speak friday - egg-potato ratio for tortilla needed! ,Ham
How much for an eighth?,Ham
"It's that time of the week again, ryan",Ham
Fffff. Can you text kadeem or are you too far gone,Ham
Yeah I don't see why not,Ham
Hi! This is Roger from CL. How are you?,Ham
Wanna get laid 2nite? Want real Dogging locations sent direct to ur mobile? Join the UK's largest Dogging Network. Txt PARK to 69696 now! Nyt. ec2a. 3lp å£1.50/msg,Spam
"K I'll head out in a few mins, see you there",Ham
Is there coming friday is leave for pongal?do you get any news from your work place.,Ham
ÌÏ only send me the contents page...,Ham
"Oh fine, I'll be by tonight",Ham
Do you want 750 anytime any network mins 150 text and a NEW video phone for only five pounds per week call 08000776320 now or reply for delivery Tomorrow,Spam
Yes. It's all innocent fun. O:-),Ham
V nice! Off 2 sheffield tom 2 air my opinions on categories 2 b used 2 measure ethnicity in next census. Busy transcribing. :-),Ham
"Haha figures, well I found the piece and priscilla's bowl",Ham
"FreeMsg Hey there darling it's been 3 week's now and no word back! I'd like some fun you up for it still? Tb ok! XxX std chgs to send, å£1.50 to rcv",Spam
They are just making it easy to pay back. I have  &lt;#&gt; yrs to say but i can pay back earlier. You get?,Ham
In xam hall boy asked girl Tell me the starting term for dis answer I can den manage on my own After lot of hesitation n lookin around silently she said THE! intha ponnungale ipaditan;),Ham
Its like that hotel dusk game i think. You solve puzzles in a area thing,Ham
If i not meeting Ì_ all rite then i'll go home lor. If Ì_ dun feel like comin it's ok.,Ham
No * am working on the ringing u thing but have whole houseful of screaming brats so * am pulling my hair out! Loving u,Ham
Dunno lei shd b driving lor cos i go sch 1 hr oni.,Ham
Ok leave no need to ask,Ham
Yes watching footie but worried we're going to blow it - Phil Neville?,Ham
"Lol you forgot it eh ? Yes, I'll bring it in babe",Ham
How have your little darlings been so far this week? Need a coffee run tomo?Can't believe it's that time of week already Û_,Ham
Same as kallis dismissial in 2nd test:-).,Ham
As per your request 'Melle Melle (Oru Minnaminunginte Nurungu Vettam)' has been set as your callertune for all Callers. Press *9 to copy your friends Callertune,Ham
"Good afternoon, babe. How goes that day ? Any job prospects yet ? I miss you, my love ... *sighs* ... :-(",Ham
Ok...,Ham
Did either of you have any idea's? Do you know of anyplaces doing something?,Ham
3 pa but not selected.,Ham
I love u 2 babe! R u sure everything is alrite. Is he being an idiot? Txt bak girlie,Ham
"Very strange.  and  are watching the 2nd one now but i'm in bed. Sweet dreams, miss u ",Ham
Yo you guys ever figure out how much we need for alcohol? Jay and I are trying to figure out how much we can safely spend on weed,Ham
aathi..where are you dear..,Ham
"URGENT! Your Mobile No was awarded a å£2,000 Bonus Caller Prize on 1/08/03! This is our 2nd attempt to contact YOU! Call 0871-4719-523 BOX95QU BT National Rate",Spam
Uncle Abbey! Happy New Year. Abiola,Ham
Todays Voda numbers ending with 7634 are selected to receive a å£350 reward. If you have a match please call 08712300220 quoting claim code 7684 standard rates apply.,Spam
"Cool, I'll text you in a few",Ham
Going to take your babe out ?,Ham
Yay can't wait to party together!,Ham
"Fun fact: although you would think armand would eventually build up a tolerance or some shit considering how much he smokes, he gets fucked up in like 2 hits",Ham
"Good afternoon loverboy ! How goes you day ? Any luck come your way? I think of you, sweetie and send my love across the sea to make you smile and happy",Ham
Dare i ask... Any luck with sorting out the car?,Ham
";-( oh well, c u later",Ham
Its a part of checking IQ,Ham
Sure but since my parents will be working on Tuesday I don't really need a cover story,Ham
"I've not called you in a while. This is hoping it was l8r malaria and that you know that we miss you guys. I miss Bani big, so pls give her my love especially. Have a great day.",Ham
Ho ho - big belly laugh! See ya tomo,Ham
Msgs r not time pass.They silently say that I am thinking of U right now and also making U think of me at least 4 a moment. Gd nt.swt drms @Shesil,Ham
"New Theory: Argument wins d SITUATION, but loses the PERSON. So dont argue with ur friends just.. . . . kick them &amp; say, I'm always correct.!",Ham
Thx. All will be well in a few months,Ham
Also track down any lighters you can find,Ham
Guess what! Somebody you know secretly fancies you! Wanna find out who it is? Give us a call on 09065394514 From Landline DATEBox1282EssexCM61XN 150p/min 18,Spam
Dear reached railway. What happen to you,Ham
Aah! A cuddle would be lush! I'd need lots of tea and soup before any kind of fumbling!,Ham
Lol ok. I'll snatch her purse too.,Ham
"Just checked out, heading out to drop off my stuff now",Ham
Yup Ì_ not comin :-(,Ham
SMS AUCTION - A BRAND NEW Nokia 7250 is up 4 auction today! Auction is FREE 2 join & take part! Txt NOKIA to 86021 now! HG/Suite342/2Lands Row/W1J6HL,Spam
Yeah my usual guy's out of town but there're definitely people around I know,Ham
Great. P diddy is my neighbor and comes for toothpaste every morning,Ham
U guys never invite me anywhere :(,Ham
I'm putting it on now. It should be ready for  &lt;TIME&gt; ,Ham
You have WON a guaranteed å£1000 cash or a å£2000 prize. To claim yr prize call our customer service representative on 08714712379 between 10am-7pm Cost 10p,Spam
One day a crab was running on the sea shore..The waves came n cleared the footprints of the crab.. Crab asked: being my frnd y r u clearing my beautiful footprints? Waves replied: A fox was following ur footprints to catch you! thats y i cleared it off:) frndsship never lets u dwn :-) GUD nyt..,Ham
In which place do you want da.,Ham
Dear umma she called me now :-),Ham
Lol no. Just trying to make your day a little more interesting,Ham
Anytime...,Ham
Great. Never been better. Each day gives even more reasons to thank God,Ham
"Sorry, I'll call later",Ham
Ok enjoy . R u there in home.,Ham
oh ya... Got hip hop open. Haha i was thinking can go for jazz then zoom to cine... Actually tonight i'm free leh... And there's a kb lesson tonight,Ham
I know that my friend already told that.,Ham
"He is impossible to argue with and he always treats me like his sub, like he never released me ... Which he did and I will remind him of that if necessary",Ham
"So check your errors and if you had difficulties, do correction.",Ham
No we sell it all so we'll have tons if coins. Then sell our coins to someone thru paypal. Voila! Money back in life pockets:),Ham
twenty past five he said will this train have been to durham already or not coz i am in a reserved seat,Ham
He's an adult and would learn from the experience. There's no real danger. I just dont like peeps using drugs they dont need. But no comment,Ham
"2 celebrate my båÕday, y else?",Ham
They said Ì_ dun haf passport or smth like dat.. Or Ì_ juz send to my email account..  ,Ham
Lol that's different. I don't go trying to find every real life photo you ever took.,Ham
"Carlos is down but I have to pick it up from him, so I'll swing by usf in a little bit",Ham
"Aight, text me tonight and we'll see what's up",Ham
"I'll text carlos and let you know, hang on",Ham
"no, i *didn't* mean to post it. I wrote it, and like so many other times i've ritten stuff to you, i let it sit there. it WAS what i was feeling at the time. I was angry. Before i left, i hit send, then stop. It wasn't there. I checked on my phone when i got to my car. It wasn't there. You said you didn't sleep, you were bored. So why wouldn't THAT be the time to clean, fold laundry, etc.? At least make the bed?",Ham
We can make a baby in yo tho,Ham
Ok lor.,Ham
Can not use foreign stamps in this country.,Ham
Wat makes u thk i'll fall down. But actually i thk i'm quite prone 2 falls. Lucky my dad at home i ask him come n fetch me already.,Ham
Yes its possible but dint try. Pls dont tell to any one k,Ham
Dear Voucher Holder 2 claim your 1st class airport lounge passes when using Your holiday voucher call 08704439680. When booking quote 1st class x 2,Ham
Talk sexy!! Make new friends or fall in love in the worlds most discreet text dating service. Just text VIP to 83110 and see who you could meet.,Spam
No probs hon! How u doinat the mo?,Ham
do u think that any girl will propose u today by seing ur bloody funky shit fucking face...............asssssholeeee................,Ham
sexy sexy cum and text me im wet and warm and ready for some porn! u up for some fun? THIS MSG IS FREE RECD MSGS 150P INC VAT 2 CANCEL TEXT STOP,Spam
"WIN: We have a winner! Mr. T. Foley won an iPod! More exciting prizes soon, so keep an eye on ur mobile or visit www.win-82050.co.uk",Spam
"So many people seems to be special at first sight, But only very few will remain special to you till your last sight.. Maintain them till life ends.. Sh!jas",Ham
Got but got 2 colours lor. One colour is quite light n e other is darker lor. Actually i'm done she's styling my hair now.,Ham
LOL that would be awesome payback.,Ham
Well then you have a great weekend!,Ham
Is fujitsu s series lifebook good?,Ham
<Forwarded from 88877>FREE entry into our å£250 weekly comp just send the word ENTER to 88877 NOW. 18 T&C www.textcomp.com,Spam
No chikku nt yet.. Ya i'm free,Ham
Where are you call me.,Ham
"Dont worry, 1 day very big lambu ji vl come..til then enjoy batchlor party:-)",Ham
"K, I might come by tonight then if my class lets out early",Ham
....photoshop makes my computer shut down.,Ham
\HEY HEY WERETHE MONKEESPEOPLE SAY WE MONKEYAROUND! HOWDY GORGEOUS,Ham
Darren was saying dat if u meeting da ge den we dun meet 4 dinner. Cos later u leave xy will feel awkward. Den u meet him 4 lunch lor.,Ham
Ugh hopefully the asus ppl dont randomly do a reformat.,Ham
When did i use soc... I use it only at home... ÌÏ dunno how 2 type it in word ar...,Ham
I think steyn surely get one wicket:),Ham
Just taste fish curry :-P,Ham
I've sent Ì_ my part..,Ham
Oh is it? Send me the address,Ham
Ok how you dear. Did you call chechi,Ham
You can jot down things you want to remember later.,Ham
"Ok that would b lovely, if u r sure. Think about wot u want to do, drinkin, dancin, eatin, cinema, in, out, about... Up to u! Wot about ? ",Ham
Feel Yourself That You Are Always Happy.. Slowly It Becomes Your Habit &amp; Finally It Becomes Part Of Your Life.. Follow It.. Happy Morning &amp; Have A Happy Day:),Ham
10 min later k...,Ham
Havent still waitin as usual... ÌÏ come back sch oredi?,Ham
K.:)do it at evening da:)urgent:),Ham
It vl bcum more difficult..,Ham
Crucify is c not s. You should have told me earlier.,Ham
Full heat pa:-) i have applyed oil pa.,Ham
You always make things bigger than they are,Ham
Not course. Only maths one day one chapter with in one month we can finish.,Ham
"Dont search love, let love find U. Thats why its called falling in love, bcoz U dont force yourself, U just fall and U know there is smeone to hold U... BSLVYL",Ham
Oic... Then better quickly go bathe n settle down...,Ham
Oh all have to come ah?,Ham
Sex up ur mobile with a FREE sexy pic of Jordan! Just text BABE to 88600. Then every wk get a sexy celeb! PocketBabe.co.uk 4 more pics. 16 å£3/wk 087016248,Spam
"Until 545 lor... Ya, can go 4 dinner together...",Ham
Oops i thk i dun haf enuff... I go check then tell Ì_..,Ham
Hi if ur lookin 4 saucy daytime fun wiv busty married woman Am free all next week Chat now 2 sort time 09099726429 JANINExx Callså£1/minMobsmoreLKPOBOX177HP51FL,Ham
DO U WANT 2 MEET UP 2MORRO,Ham
Smile in Pleasure Smile in Pain Smile when trouble pours like Rain Smile when sum1 Hurts U Smile becoz SOMEONE still Loves to see u Smiling!!,Ham
it to 80488. Your 500 free text messages are valid until 31 December 2005.,Spam
Dai  &lt;#&gt;  naal eruku.,Ham
"She said,'' do u mind if I go into the bedroom for a minute ? '' ''OK'', I sed in a sexy mood. She came out 5 minuts latr wid a cake...n My Wife,",Ham
Good day to You too.Pray for me.Remove the teeth as its painful maintaining other stuff.,Ham
Just sent it. So what type of food do you like?,Ham
Are we doing the norm tomorrow? I finish just a 4.15 cos of st tests. Need to sort library stuff out at some point tomo - got letter from today - access til end march so i better get move on!,Ham
"Call me da, i am waiting for your call.",Ham
No problem. Talk to you later,Ham
Pls give her the food preferably pap very slowly with loads of sugar. You can take up to an hour to give it. And then some water. Very very slowly.,Ham
WHORE YOU ARE UNBELIEVABLE.,Ham
Carry on not disturbing both of you,Ham
Ya srsly better than yi tho,Ham
Aight what time you want me to come up?,Ham
Hahaha..use your brain dear,Ham
"Aight, can you text me the address?",Ham
Lol ... I knew that .... I saw him in the dollar store,Ham
Babe ! What are you doing ? Where are you ? Who are you talking to ? Do you think of me ? Are you being a good boy? Are you missing me? Do you love me ?,Ham
"This is the 2nd attempt to contract U, you have won this weeks top prize of either å£1000 cash or å£200 prize. Just call 09066361921",Spam
Lol yeah at this point I guess not,Ham
Waiting for your call.,Spam
Ok ok take care. I can understand.,Ham
"Yep, the great loxahatchee xmas tree burning of  &lt;#&gt;  starts in an hour",Ham
"Fyi I'm taking a quick shower, be at epsilon in like  &lt;#&gt;  min",Ham
"Come to me right now, Ahmad",Ham
Your opinion about me? 1. Over 2. Jada 3. Kusruthi 4. Lovable 5. Silent 6. Spl character 7. Not matured 8. Stylish 9. Simple Pls reply..,Ham
Also where's the piece,Ham
What???? Hello wats talks email address?,Ham
U R THE MOST BEAUTIFUL GIRL IVE EVER SEEN. U R MY BABY COME AND C ME IN THE COMMON ROOM,Ham
ringtoneking 84484,Ham
"Nothing, i got msg frm tht unknown no..",Ham
"If you don't, your prize will go to another customer. T&C at www.t-c.biz 18+ 150p/min Polo Ltd Suite 373 London W1J 6HL Please call back if busy",Spam
Id have to check but there's only like 1 bowls worth left,Ham
Good words.... But words may leave u in dismay many times.,Ham
"I wonder if your phone battery went dead ? I had to tell you, I love you babe",Ham
"HI HUN! IM NOT COMIN 2NITE-TELL EVERY1 IM SORRY 4 ME, HOPE U AVA GOODTIME!OLI RANG MELNITE IFINK IT MITE B SORTED,BUT IL EXPLAIN EVERYTHIN ON MON.L8RS.x",Ham
Alright took the morphine. Back in yo.,Ham
SMS SERVICES For your inclusive text credits pls gotto www.comuk.net login 3qxj9 unsubscribe with STOP no extra charge help 08702840625 comuk.220cm2 9AE,Spam
Wah... Okie okie... Muz make use of e unlimited... Haha... ,Ham
I don't think he has spatula hands!,Ham
FREE entry into our å£250 weekly comp just send the word ENTER to 84128 NOW. 18 T&C www.textcomp.com cust care 08712405020.,Spam
I keep ten rs in my shelf:) buy two egg.,Ham
Smith waste da.i wanna gayle.,Ham
Still in customer place,Ham
"\Hi darlin did youPhone me? Im atHome if youwanna chat.\""""",Ham
ZOE IT JUST HIT ME 2 IM FUCKING SHITIN MYSELF IL DEFO TRY MY HARDEST 2 CUM 2MOROW LUV U MILLIONS LEKDOG,Ham
"Loan for any purpose å£500 - å£75,000. Homeowners + Tenants welcome. Have you been previously refused? We can still help. Call Free 0800 1956669 or text back 'help'",Spam
1st wk FREE! Gr8 tones str8 2 u each wk. Txt NOKIA ON to 8007 for Classic Nokia tones or HIT ON to 8007 for Polys. Nokia/150p Poly/200p 16+,Spam
"Ya, i'm referin to mei's ex wat... No ah, waitin 4 u to treat, somebody shld b rich liao...So gd, den u dun have to work frm tmr onwards...",Ham
URGENT! Your Mobile number has been awarded with a å£2000 prize GUARANTEED. Call 09061790126 from land line. Claim 3030. Valid 12hrs only 150ppm,Spam
You have won a guaranteed å£200 award or even å£1000 cashto claim UR award call free on 08000407165 (18+) 2 stop getstop on 88222 PHP. RG21 4JX,Spam
Sent me ur email id soon,Ham
Sorry I missed your call let's talk when you have the time. I'm on 07090201529,Ham
I dont have i shall buy one dear,Ham
Hello. Damn this christmas thing. I think i have decided to keep this mp3 that doesnt work.,Ham
Call Germany for only 1 pence per minute! Call from a fixed line via access number 0844 861 85 85. No prepayment. Direct access! www.telediscount.co.uk,Spam
"Hm good morning, headache anyone? :-)",Ham
You could have seen me..i did't recognise you Face.:),Ham
"Nothing. I meant that once the money enters your account here, the bank will remove its flat rate. Someone transfered  &lt;#&gt;  to my account and  &lt;#&gt; dollars got removed. So the banks differ and charges also differ.be sure you trust the 9ja person you are sending account details to cos...",Ham
 gonna let me know cos comes bak from holiday that day.  is coming. Don't4get2text me  number. ,Ham
I am in office:)whats the matter..msg me now.i will call you at break:).,Ham
Tessy..pls do me a favor. Pls convey my birthday wishes to Nimya..pls dnt forget it. Today is her birthday Shijas,Ham
1 I don't have her number and 2 its gonna be a massive pain in the ass and i'd rather not get involved if that's possible,Ham
Fine. Do you remember me.,Ham
WINNER! As a valued network customer you hvae been selected to receive a å£900 reward! To collect call 09061701444. Valid 24 hours only. ACL03530150PM,Spam
"Rock yr chik. Get 100's of filthy films &XXX pics on yr phone now. rply FILTH to 69669. Saristar Ltd, E14 9YT 08701752560. 450p per 5 days. Stop2 cancel",Ham
Your pussy is perfect!,Ham
Havent.,Ham
"Latest News! Police station toilet stolen, cops have nothing to go on!",Ham
"Rose for red,red for blood,blood for heart,heart for u. But u for me.... Send tis to all ur friends.. Including me.. If u like me.. If u get back, 1-u r poor in relation! 2-u need some 1 to support 3-u r frnd 2 many 4-some1 luvs u 5+- some1 is praying god to marry u.:-) try it....",Ham
Ok... Help me ask if she's working tmr a not?,Ham
"I'm not smoking while people use \wylie smokes too much\"" to justify ruining my shit""",Ham
Reverse is cheating. That is not mathematics.,Ham
I'm leaving my house now...,Ham
Sorry that was my uncle. I.ll keep in touch,Ham
Sunshine Quiz! Win a super Sony DVD recorder if you canname the capital of Australia? Text MQUIZ to 82277. B,Spam
No problem. We will be spending a lot of quality time together...,Ham
MY NO. IN LUTON 0125698789 RING ME IF UR AROUND! H*,Ham
All e best 4 ur driving tmr :-),Ham
Yeah right! I'll bring my tape measure fri!,Ham
Your unique user ID is 1172. For removal send STOP to 87239 customer services 08708034412,Spam
Networking technical support associate.,Ham
"Sorry battery died, yeah I'm here",Ham
Thank u. IT BETTER WORK OUT CAUSE I WILL FEEL USED OTHERWISE,Ham
Ok i will tell her to stay out. Yeah its been tough but we are optimistic things will improve this month.,Ham
* Am on my way,Ham
From next month get upto 50% More Calls 4 Ur standard network charge 2 activate Call 9061100010 C Wire3.net 1st4Terms PoBox84 M26 3UZ Cost å£1.50 min MobcudB more,Spam
Do you know when the result.,Ham
New car and house for my parents.:)i have only new job in hand:),Ham
Thanx...,Ham
Like a personal sized or what,Ham
"Eerie Nokia tones 4u, rply TONE TITLE to 8007 eg TONE DRACULA to 8007 Titles: GHOST, ADDAMSFA, MUNSTERS, EXORCIST, TWILIGHT www.getzed.co.uk POBox36504W45WQ 150p",Spam
Ffffffffff. Alright no way I can meet up with you sooner?,Ham
I want kfc its Tuesday. Only buy 2 meals ONLY 2. No gravy. Only 2 Mark. 2!,Ham
"A few people are at the game, I'm at the mall with iouri and kaila",Ham
Are you this much buzy,Ham
Good afternoon starshine! How's my boytoy? Does he crave me yet? Ache to fuck me ? *sips cappuccino* I miss you babe *teasing kiss*,Ham
I'm serious. You are in the money base,Ham
"TheMob>Hit the link to get a premium Pink Panther game, the new no. 1 from Sugababes, a crazy Zebra animation or a badass Hoody wallpaper-all 4 FREE!",Spam
"Nah I don't think he goes to usf, he lives around here though",Ham
"URGENT!: Your Mobile No. was awarded a å£2,000 Bonus Caller Prize on 02/09/03! This is our 2nd attempt to contact YOU! Call 0871-872-9755 BOX95QU",Spam
Fine i miss you very much.,Ham
So when do you wanna gym harri,Ham
Just wait till end of march when el nino gets himself. Oh.,Ham
"Congrats 2 mobile 3G Videophones R yours. call 09063458130 now! videochat wid ur mates, play java games, Dload polypH music, noline rentl. bx420. ip4. 5we. 150p",Spam
"I can probably come by, everybody's done around  &lt;#&gt;  right?",Ham
Yup i thk they r e teacher said that will make my face look longer. Darren ask me not 2 cut too short.,Ham
Check mail.i have mailed varma and kept copy to you regarding membership.take care.insha allah.,Ham
HI DARLIN ITS KATE ARE U UP FOR DOIN SOMETHIN TONIGHT? IM GOING TO A PUB CALLED THE SWAN OR SOMETHING WITH MY PARENTS FOR ONE DRINK SO PHONE ME IF U CAN,Ham
Dai what this da.. Can i send my resume to this id.,Ham
"Thank you. And by the way, I just lost.",Ham
I called but no one pick up e phone. I ask both of them already they said ok.,Ham
Dunno he jus say go lido. Same time 930.,Ham
Yup... I havent been there before... You want to go for the yoga? I can call up to book ,Ham
Oh for fuck's sake she's in like tallahassee,Ham
K k :-):-) then watch some films.,Ham
I just lov this line: \Hurt me with the truth,Ham
URGENT! We are trying to contact U. Todays draw shows that you have won a å£800 prize GUARANTEED. Call 09050001295 from land line. Claim A21. Valid 12hrs only,Spam
K ill drink.pa then what doing. I need srs model pls send it to my mail id pa.,Ham
Come to mahal bus stop.. &lt;DECIMAL&gt;,Ham
How do you plan to manage that,Ham
Bloomberg -Message center +447797706009 Why wait? Apply for your future http://careers. bloomberg.com,Spam
Call from 08702490080 - tells u 2 call 09066358152 to claim å£5000 prize. U have 2 enter all ur mobile & personal details @ the prompts. Careful!,Spam
When did dad get back.,Ham
"IÛ÷ll leave around four, ok?",Ham
"Come to me, slave. Your doing it again ... Going into your shell and unconsciously avoiding me ... You are making me unhappy :-(",Ham
How come she can get it? Should b quite diff to guess rite...,Ham
I will come to ur home now,Ham
Did u got that persons story,Ham
* FREE* POLYPHONIC RINGTONE Text SUPER to 87131 to get your FREE POLY TONE of the week now! 16 SN PoBox202 NR31 7ZS subscription 450pw,Spam
Okay... I booked all already... Including the one at bugis.,Ham
Am only searching for good dual sim mobile pa.,Ham
Oh god i am happy to see your message after 3 days,Ham
He also knows about lunch menu only da. . I know,Ham
This is ur face test ( 1 2 3 4 5 6 7 8 9  &lt;#&gt;  ) select any number i will tell ur face astrology.... am waiting. quick reply...,Ham
Whens your radio show?,Ham
R Ì_ going 4 today's meeting?,Ham
I will reach ur home in  &lt;#&gt;  minutes,Ham
How are you. Its been ages. How's abj,Ham
Dear 0776xxxxxxx U've been invited to XCHAT. This is our final attempt to contact u! Txt CHAT to 86688 150p/MsgrcvdHG/Suite342/2Lands/Row/W1J6HL LDN 18yrs,Spam
I cant pick the phone right now. Pls send a message,Ham
"\Hey! do u fancy meetin me at 4 at cha åÐ hav a lil beverage on me. if not txt or ring me and we can meet up l8r. quite tired got in at 3 v.pist ;) love Pete x x x\""""",Ham
"They said if its gonna snow, it will start around 8 or 9 pm tonite! They are predicting an inch of accumulation.",Ham
Ok... Ur typical reply...,Ham
"Ya, told..she was asking wats matter?",Ham
Neshanth..tel me who r u?,Ham
Asking do u knw them or nt? May be ur frnds or classmates?,Ham
I might come to kerala for 2 days.so you can be prepared to take a leave once i finalise .dont plan any travel during my visit.need to finish urgent works.,Ham
PICK UR FONE UP NOW U DUMB?,Ham
Do you want bold 2 or bb torch,Ham
Where do you need to go to get it?,Ham
Dear :-/ why you mood off. I cant drive so i brother to drive,Ham
How r Ì_ going to send it to me?,Ham
Ew are you one of them?,Ham
I think if he rule tamilnadu..then its very tough for our people.,Ham
U coming back 4 dinner rite? Dad ask me so i re confirm wif u...,Ham
HCL chennai requires FRESHERS for voice process.Excellent english needed.Salary upto  &lt;#&gt; .Call Ms.Suman  &lt;#&gt;  for Telephonic interview -via Indyarocks.com,Ham
And whenever you and i see we can still hook up too.,Ham
X course it 2yrs. Just so her messages on messenger lik you r sending me,Ham
Hi 07734396839 IBH Customer Loyalty Offer: The NEW NOKIA6600 Mobile from ONLY å£10 at TXTAUCTION!Txt word:START to No:81151 & get Yours Now!4T&,Spam
"ou are guaranteed the latest Nokia Phone, a 40GB iPod MP3 player or a å£500 prize! Txt word: COLLECT to No: 83355! IBHltd LdnW15H 150p/Mtmsgrcvd18",Spam
"Me also da, i feel yesterday night  wait til 2day night dear.",Ham
"I'm eatin now lor, but goin back to work soon... E mountain deer show huh... I watch b4 liao, very nice...",Ham
S..antha num corrct dane,Ham
"I think IÛ÷m waiting for the same bus! Inform me when you get there, if you ever get there.",Ham
"Tunde, how are you doing. This is just wishing you a great day. Abiola.",Ham
Are you sure you don't mean \get here,Ham
K:)k..its good:)when are you going?,Ham
Have you emigrated or something? Ok maybe 5.30 was a bit hopeful...,Ham
Goin to workout lor... Muz lose e fats... ,Ham
Lol great now im getting hungry.,Ham
Love that holiday Monday feeling even if I have to go to the dentists in an hour,Ham
Probably earlier than that if the station's where I think it is,Ham
And he's apparently bffs with carly quick now,Ham
He remains a bro amongst bros,Ham
"In case you wake up wondering where I am, I forgot I have to take care of something for grandma today, should be done before the parade",Ham
Raji..pls do me a favour. Pls convey my Birthday wishes to Nimya. Pls. Today is her birthday.,Ham
"Sometimes we put walls around our hearts,not just to be safe from getting hurt.. But to find out who cares enough to break the walls &amp; get closer.. GOODNOON:)",Ham
Was gr8 to see that message. So when r u leaving? Congrats dear. What school and wat r ur plans.,Ham
Can you say what happen,Ham
Why you Dint come with us.,Ham
Also remember to get dobby's bowl from your car,Ham
HAPPY NEW YEAR MY NO.1 MAN,Ham
Just sleeping..and surfing,Ham
"My friend just got here and says he's upping his order by a few grams (he's got $ &lt;#&gt; ), when can you get here?",Ham
HEY MATE! HOWS U HONEY?DID U AVE GOOD HOLIDAY? GIMMI DE GOSS!x,Ham
Crazy ar he's married. ÌÏ like gd looking guys not me. My frens like say he's korean leona's fave but i dun thk he is. Aft some thinking mayb most prob i'll go.,Ham
In e msg jus now. U said thanks for gift.,Ham
"Mmmmm ... I loved waking to your words this morning ! I miss you too, my Love. I hope your day goes well and you are happy. I wait for us to be together again",Ham
"Yeah probably, I still gotta check out with leo",Ham
Bought one ringtone and now getting texts costing 3 pound offering more tones etc,Spam
Aight should I just plan to come up later tonight?,Ham
"Yeah we wouldn't leave for an hour at least, how's 4 sound?",Ham
As usual u can call me ard 10 smth.,Ham
Please call our customer service representative on FREEPHONE 0808 145 4742 between 9am-11pm as you have WON a guaranteed å£1000 cash or å£5000 prize!,Spam
"Romantic Paris. 2 nights, 2 flights from å£79 Book now 4 next year. Call 08704439680Ts&Cs apply.",Ham
645,Ham
Juz now havent woke up so a bit blur blur... Can? Dad went out liao... I cant cum now oso...,Ham
HIYA COMIN 2 BRISTOL 1 ST WEEK IN APRIL. LES GOT OFF + RUDI ON NEW YRS EVE BUT I WAS SNORING.THEY WERE DRUNK! U BAK AT COLLEGE YET? MY WORK SENDS INK 2 BATH.,Ham
Customer Loyalty Offer:The NEW Nokia6650 Mobile from ONLY å£10 at TXTAUCTION! Txt word: START to No: 81151 & get yours Now! 4T&Ctxt TC 150p/MTmsg,Spam
Hey pple...$700 or $900 for 5 nights...Excellent location wif breakfast hamper!!!,Ham
U coming 2 pick me?,Ham
Now got tv 2 watch meh? U no work today?,Ham
Aiyo cos i sms Ì_ then Ì_ neva reply so i wait 4 Ì_ to reply lar. I tot Ì_ havent finish ur lab wat.,Ham
First has she gained more than  &lt;#&gt; kg since she took in. Second has she done the blood sugar tests. If she has and its ok and her blood pressure is within normal limits then no worries,Ham
Great escape. I fancy the bridge but needs her lager. See you tomo ,Ham
Short But Cute: \Be a good person,Ham
From 5 to 2 only my work timing.,Ham
What he said is not the matter. My mind saying some other matter is there.,Ham
"Sorry, I'll call later",Ham
Why don't you wait 'til at least wednesday to see if you get your .,Ham
"I guess you could be as good an excuse as any, lol.",Ham
I know girls always safe and selfish know i got it pa. Thank you. good night.,Ham
How much r Ì_ willing to pay?,Ham
UR GOING 2 BAHAMAS! CallFREEFONE 08081560665 and speak to a live operator to claim either Bahamas cruise ofå£2000 CASH 18+only. To opt out txt X to 07786200117,Spam
Sun ah... Thk mayb can if dun have anythin on... Thk have to book e lesson... E pilates is at orchard mrt u noe hor...  ,Ham
Remember on that day..,Ham
Dear how you. Are you ok?,Ham
If u dun drive then how i go 2 sch.,Ham
Tell me pa. How is pain de.,Ham
Wat time Ì_ finish?,Ham
Prabha..i'm soryda..realy..frm heart i'm sory,Ham
Check wid corect speling i.e. Sarcasm,Ham
Sac will score big hundred.he is set batsman:-),Ham
Congrats ! Treat pending.i am not on mail for 2 days.will mail once thru.Respect mother at home.check mails.,Ham
Heehee that was so funny tho,Ham
"Eerie Nokia tones 4u, rply TONE TITLE to 8007 eg TONE DRACULA to 8007 Titles: GHOST, ADDAMSFA, MUNSTERS, EXORCIST, TWILIGHT www.getzed.co.uk POBox36504W45WQ 150p ",Spam
dont make ne plans for nxt wknd coz she wants us to come down then ok,Ham
Its just the effect of irritation. Just ignore it,Ham
Cause I'm not freaky lol,Ham
I cant wait to see you! How were the photos were useful? :),Ham
Tiwary to rcb.battle between bang and kochi.,Ham
2 laptop... I noe infra but too slow lar... I wan fast one,Ham
Yup... From what i remb... I think should be can book... ,Ham
Ok i shall talk to him,Ham
Id onluy matters when getting on from offcampus,Ham
Ard 4 lor...,Ham
"K, makes sense, btw carlos is being difficult so you guys are gonna smoke while I go pick up the second batch and get gas",Ham
"Have a lovely night and when you wake up to see this message, i hope you smile knowing all is as should be. Have a great morning",Ham
ÌÏ takin linear algebra today?,Ham
Oh Howda gud gud.. Mathe en samachara chikku:-),Ham
Hey anyway i have to :-),Ham
Cps is causing the outages to conserve energy.,Ham
Good morning princess! How are you?,Ham
Wah lucky man... Then can save money... Hee...,Ham
Long time. You remember me today.,Ham
Good Morning my Dear........... Have a great &amp; successful day.,Ham
K still are you loving me.,Ham
I hate when she does this. She turns what should be a fun shopping trip into an annoying day of how everything would look in her house.,Ham
Hi its me you are probably having too much fun to get this message but i thought id txt u cos im bored! and james has been farting at me all night,Ham
Ultimately tor motive tui achieve korli.,Ham
Can U get 2 phone NOW? I wanna chat 2 set up meet Call me NOW on 09096102316 U can cum here 2moro Luv JANE xx Callså£1/minmoremobsEMSPOBox45PO139WA,Spam
En chikku nange bakra msg kalstiya..then had tea/coffee?,Ham
Hey are you angry with me. Reply me dr.,Ham
I not free today i haf 2 pick my parents up tonite...,Ham
What happened in interview?,Ham
Dear i am not denying your words please,Ham
Hi this is yijue... It's regarding the 3230 textbook it's intro to algorithms second edition... I'm selling it for $50...,Ham
"Sorry, I can't help you on this.",Ham
"Haha awesome, omw back now then",Ham
I take it we didn't have the phone callon Friday. Can we assume we won't have it this year now?,Ham
He telling not to tell any one. If so treat for me hi hi hi,Ham
\HEY BABE! FAR 2 SPUN-OUT 2 SPK AT DA MO... DEAD 2 DA WRLD. BEEN SLEEPING ON DA SOFA ALL DAY,Ham
December only! Had your mobile 11mths+? You are entitled to update to the latest colour camera mobile for Free! Call The Mobile Update Co FREE on 08002986906 ,Spam
Rats. Hey did u ever vote for the next themes?,Ham
I'm coming home 4 dinner.,Ham
"Hi babe its Jordan, how r u? Im home from abroad and lonely, text me back if u wanna chat xxSP visionsms.com Text stop to stopCost 150p 08712400603",Spam
It will stop on itself. I however suggest she stays with someone that will be able to give ors for every stool.,Ham
Horrible gal. Me in sch doing some stuff. How come u got mc?,Ham
Kind of. Took it to garage. Centre part of exhaust needs replacing. Part ordered n taking it to be fixed tomo morning.,Ham
Yes da. Any plm at ur office,Ham
I liked your new house,Ham
You have 1 new voicemail. Please call 08719181513.,Spam
"I'm home, my love ... If your still awake ... *loving kiss*",Ham
Yeah like if it goes like it did with my friends imma flip my shit in like half an hour,Ham
Then just eat a shit and wait for ur monkey face bitch.......... U asshole..................,Ham
7 at esplanade.. Do Ì_ mind giving me a lift cos i got no car today..,Ham
", ,  and  picking them up from various points | going 2 yeovil | and they will do the motor project 4 3 hours | and then u take them home. || 12 2 5.30 max. || Very easy",Ham
Dude ive been seeing a lotta corvettes lately,Ham
Yunny i'm walking in citylink now Ì_ faster come down... Me very hungry...,Ham
K. Did you call me just now ah? ,Ham
Height of Confidence: All the Aeronautics professors wer calld &amp; they wer askd 2 sit in an aeroplane. Aftr they sat they wer told dat the plane ws made by their students. Dey all hurried out of d plane.. Bt only 1 didnt move... He said:\if it is made by my students,Ham
Get the official ENGLAND poly ringtone or colour flag on yer mobile for tonights game! Text TONE or FLAG to 84199. Optout txt ENG STOP Box39822 W111WX å£1.50,Spam
Unlimited texts. Limited minutes.,Ham
Man this bus is so so so slow. I think you're gonna get there before me,Ham
My love ! How come it took you so long to leave for Zaher's? I got your words on ym and was happy to see them but was sad you had left. I miss you,Ham
Should i buy him a blackberry bold 2 or torch. Should i buy him new or used. Let me know. Plus are you saying i should buy the  &lt;#&gt; g wifi ipad. And what are you saying about the about the  &lt;#&gt; g?,Ham
"Claim a 200 shopping spree, just call 08717895698 now! Have you won! MobStoreQuiz10ppm",Spam
"all the lastest from Stereophonics, Marley, Dizzee Racal, Libertines and The Strokes! Win Nookii games with Flirt!! Click TheMob WAP Bookmark or text WAP to 82468",Spam
Or i go home first lar Ì_ wait 4 me lor.. I put down my stuff first..,Ham
Hello beautiful r u ok? I've kinda ad a row wiv and he walked out the pub?? I wanted a night wiv u Miss u ,Ham
Hi di is yijue we're meeting at 7 pm at esaplanade tonight.,Ham
I can't describe how lucky you are that I'm actually awake by noon,Ham
I will cme i want to go to hos 2morow. After that i wil cme. This what i got from her dear what to do. She didnt say any time,Ham
"No worries, hope photo shoot went well. have a spiffing fun at workage. ",Ham
Hey what are you doing. Y no reply pa..,Ham
Hi Harish's rent has been transfred to ur Acnt.,Ham
"Sorry that took so long, omw now",Ham
You will be in the place of that man,Ham
"We know TAJ MAHAL as symbol of love. But the other lesser known facts 1. Mumtaz was Shahjahan's 4th wife, out of his 7 wifes. 2. Shahjahan killed Mumtaz's husband to marry her. 3. Mumtaz died in her  &lt;#&gt; th delivery. 4. He then married Mumtaz's sister. Question arises where the Hell is the LOVE?:-| -The Great Hari-",Ham
More people are dogging in your area now. Call 09090204448 and join like minded guys. Why not arrange 1 yourself. There's 1 this evening. Aå£1.50 minAPN LS278BB,Ham
K...k:)why cant you come here and search job:),Ham
"Forgot you were working today! Wanna chat, but things are ok so drop me a text when you're free / bored etc and i'll ring. Hope all is well, nose essay and all xx",Ham
BABE !!! I miiiiiiissssssssss you ! I need you !!! I crave you !!! :-( ... Geeee ... I'm so sad without you babe ... I love you ...,Ham
"Aight that'll work, thanks",Ham
Reckon need to be in town by eightish to walk from * carpark.,Ham
"Hi, wkend ok but journey terrible. Wk not good as have huge back log of marking to do",Ham
"Nah, I'm a perpetual DD",Ham
Are you coming to day for class.,Ham
You are a big chic. Common. Declare,Ham
Actually getting ready to leave the house.,Ham
For sale - arsenal dartboard. Good condition but no doubles or trebles!,Ham
I think you should go the honesty road. Call the bank tomorrow. Its the tough decisions that make us great people.,Ham
"Hello, my love ! How went your day ? Are you alright ? I think of you, my sweet and send a jolt to your heart to remind you ... I LOVE YOU! Can you hear it ? I screamed it across the sea for all the world to hear. Ahmad al Hallaq is loved ! and owned ! *possessive passionate kiss*",Ham
Dunno lei Ì_ all decide lor. How abt leona? Oops i tot ben is going n i msg him.,Ham
Your weekly Cool-Mob tones are ready to download !This weeks new Tones include: 1) Crazy Frog-AXEL F>>> 2) Akon-Lonely>>> 3) Black Eyed-Dont P >>>More info in n,Spam
I'm still pretty weak today .. Bad day ?,Ham
Ok i juz receive..,Ham
S:)but he had some luck.2 catches put down:),Ham
Its not the same here. Still looking for a job. How much do Ta's earn there.,Ham
Shant disturb u anymore... Jia you...,Ham
Just got up. have to be out of the room very soon. Û_. i hadn't put the clocks back til at 8 i shouted at everyone to get up and then realised it was 7. wahay. another hour in bed.,Ham
Havent shopping now lor i juz arrive only,Ham
"Dude. What's up. How Teresa. Hope you have been okay. When i didnt hear from these people, i called them and they had received the package since dec  &lt;#&gt; . Just thot you'ld like to know. Do have a fantastic year and all the best with your reading. Plus if you can really really Bam first aid for Usmle, then your work is done.",Ham
Send to someone else :-),Ham
"Hi Jon, Pete here, Ive bin 2 Spain recently & hav sum dinero left, Bill said u or ur åÔrents mayb interested in it, I hav 12,000pes, so around å£48, tb, James.",Ham
Yar he quite clever but aft many guesses lor. He got ask me 2 bring but i thk darren not so willing 2 go. Aiya they thk leona still not attach wat.,Ham
That's y we haf to combine n c how lor...,Ham
No de.am seeing in online shop so that i asked.,Ham
Yes. Last  practice,Ham
"Ya they are well and fine., BBD(pooja) full pimples..even she become quite black..and ur rite here its too cold, wearing sweatter..",Ham
Will be out of class in a few hours. Sorry,Ham
Quite lor. But dun tell him wait he get complacent...,Ham
I want to sent  &lt;#&gt; mesages today. Thats y. Sorry if i hurts,Ham
I had askd u a question some hours before. Its answer,Ham
"Haha, my legs and neck are killing me and my amigos are hoping to end the night with a burn, think I could swing by in like an hour?",Ham
K. I will sent it again,Ham
"Dunno, my dad said he coming home 2 bring us out 4 lunch. Yup i go w u lor. I call u when i reach school lor...",Ham
"Are you being good, baby? :)",Ham
"Watching cartoon, listening music &amp; at eve had to go temple &amp; church.. What about u?",Ham
How do friends help us in problems? They give the most stupid suggestion that Lands us into another problem and helps us forgt the previous problem,Ham
Why nothing. Ok anyway give me treat,Ham
"Thanx. Yup we coming back on sun. Finish dinner going back 2 hotel now. Time flies, we're tog 4 exactly a mth today. Hope we'll haf many more mths to come...",Ham
"\Happy valentines day\"" I know its early but i have hundreds of handsomes and beauties to wish. So i thought to finish off aunties and uncles 1st...""",Ham
New TEXTBUDDY Chat 2 horny guys in ur area 4 just 25p Free 2 receive Search postcode or at gaytextbuddy.com. TXT ONE name to 89693. 08715500022 rpl Stop 2 cnl,Spam
Er mw im filled tuth is aight,Ham
No messages on her phone. I'm holding it now,Ham
Am okay. Will soon be over. All the best,Ham
No dear i do have free messages without any recharge. Hi hi hi,Ham
He is there. You call and meet him,Ham
Dont let studying stress you out. L8r.,Ham
ÌÏ called dad oredi...,Ham
Gud mrng dear hav a nice day,Ham
"Although i told u dat i'm into baig face watches now but i really like e watch u gave cos it's fr u. Thanx 4 everything dat u've done today, i'm touched...",Ham
Me i'm not workin. Once i get job...,Ham
I guess it is useless calling u 4 something important.,Ham
This phone has the weirdest auto correct.,Ham
Got c... I lazy to type... I forgot Ì_ in lect... I saw a pouch but like not v nice...,Ham
What Today-sunday..sunday is holiday..so no work..,Ham
"\NONE!NOWHERE IKNO DOESDISCOUNT!SHITINNIT\""""",Ham
"Sorry, got a late start, we're on the way",Ham
O shore are you takin the bus,Ham
"Camera quite good, 10.1mega pixels, 3optical and 5digital dooms. Have a lovely holiday, be safe and i hope you hav a good journey! Happy new year to you both! See you in a couple of weeks! ",Ham
;-) ok. I feel like john lennon.,Ham
I am in escape theatre now. . Going to watch KAVALAN in a few minutes,Ham
Call to the number which is available in appointment. And ask to connect the call to waheed fathima.,Ham
Love has one law; Make happy the person you love. In the same way friendship has one law; Never make ur friend feel alone until you are alive.... Gud night,Ham
"Cool, text me when you're parked",Ham
"SMS SERVICES. for your inclusive text credits, pls goto www.comuk.net login= 3qxj9 unsubscribe with STOP, no extra charge. help 08702840625.COMUK. 220-CM2 9AE",Spam
URGENT! Your Mobile number has been awarded with a å£2000 prize GUARANTEED. Call 09061790121 from land line. Claim 3030. Valid 12hrs only 150ppm,Spam
No. 1 Nokia Tone 4 ur mob every week! Just txt NOK to 87021. 1st Tone FREE ! so get txtin now and tell ur friends. 150p/tone. 16 reply HL 4info,Spam
My computer just fried the only essential part we don't keep spares of because my fucking idiot roommates looovvve leaving the thing running on full  &lt;#&gt; /7,Ham
I'd like to tell you my deepest darkest fantasies. Call me 09094646631 just 60p/min. To stop texts call 08712460324 (nat rate),Spam
LMAO where's your fish memory when I need it?,Ham
"I need an 8th but I'm off campus atm, could I pick up in an hour or two?",Ham
Nope but i'm going home now then go pump petrol lor... Like going 2 rain soon...,Ham
Get ur 1st RINGTONE FREE NOW! Reply to this msg with TONE. Gr8 TOP 20 tones to your phone every week just å£1.50 per wk 2 opt out send STOP 08452810071 16,Spam
You have got tallent but you are wasting.,Ham
Ok can...,Ham
Today is ACCEPT DAY..U Accept me as? Brother Sister Lover Dear1 Best1 Clos1 Lvblefrnd Jstfrnd Cutefrnd Lifpartnr Belovd Swtheart Bstfrnd No rply means enemy,Ham
Ok...,Ham
"The gas station is like a block away from my house, you'll drive right by it since armenia ends at swann and you have to take howard",Ham
"I hope your alright babe? I worry that you might have felt a bit desparate when you learned the job was a fake ? I am here waiting when you come back, my love",Ham
Discussed with your mother ah?,Ham
All these nice new shirts and the only thing I can wear them to is nudist themed ;_; you in mu?,Ham
Or I guess  &lt;#&gt;  min,Ham
Okie...,Ham
Sen told that he is going to join his uncle finance in cbe,Ham
"St andre, virgil's cream",Ham
Ya! when are Ì_ taking ure practical lessons? I start in june..  ,Ham
PRIVATE! Your 2003 Account Statement for 07973788240 shows 800 un-redeemed S. I. M. points. Call 08715203649 Identifier Code: 40533 Expires 31/10/04,Spam
Babe !!!! I LOVE YOU !!!! *covers your face in kisses*,Ham
Yep then is fine 7.30 or 8.30 for ice age.,Ham
Lol yes. Our friendship is hanging on a thread cause u won't buy stuff.,Ham
Don't forget who owns you and who's private property you are ... And be my good boy always .. *passionate kiss*,Ham
FreeMsg: Fancy a flirt? Reply DATE now & join the UKs fastest growing mobile dating service. Msgs rcvd just 25p to optout txt stop to 83021. Reply DATE now!,Spam
Please attend the phone:),Ham
You call him and tell now infront of them. Call him now.,Ham
Boo what time u get out? U were supposed to take me shopping today. :(,Ham
"No! But we found a diff farm shop to buy some cheese. On way back now, can i call in?",Ham
Sad story of a Man - Last week was my b'day. My Wife did'nt wish me. My Parents forgot n so did my Kids . I went to work. Even my Colleagues did not wish.,Ham
I need details about that online job.,Ham
"It doesnt make sense to take it there unless its free. If you need to know more, wikipedia.com",Ham
Refused a loan? Secured or Unsecured? Can't get credit? Call free now 0800 195 6669 or text back 'help' & we will!,Spam
So no messages. Had food?,Ham
"Customer place, i wil cal u sir.",Ham
Urgent! Please call 09061743810 from landline. Your ABTA complimentary 4* Tenerife Holiday or #5000 cash await collection SAE T&Cs Box 326 CW25WX 150 ppm,Spam
Reply with your name and address and YOU WILL RECEIVE BY POST a weeks completely free accommodation at various global locations www.phb1.com ph:08700435505150p,Spam
"Well, i'm gonna finish my bath now. Have a good...fine night.",Ham
"I dun thk i'll quit yet... Hmmm, can go jazz ? Yogasana oso can... We can go meet em after our lessons den... ",Ham
You have 1 new message. Please call 08715205273,Spam
I am not having her number sir,Ham
Hi. Customer Loyalty Offer:The NEW Nokia6650 Mobile from ONLY å£10 at TXTAUCTION! Txt word: START to No: 81151 & get yours Now! 4T&Ctxt TC 150p/MTmsg,Spam
Dai i downloaded but there is only exe file which i can only run that exe after installing.,Ham
"TODAY is Sorry day.! If ever i was angry with you, if ever i misbehaved or hurt you? plz plz JUST SLAP URSELF Bcoz, Its ur fault, I'm basically GOOD",Ham
Gud mrng dear hav a nice day,Ham
Did you see that film:),Ham
Ok i wont call or disturb any one. I know all are avoiding me. I am a burden for all,Ham
Dear 0776xxxxxxx U've been invited to XCHAT. This is our final attempt to contact u! Txt CHAT to 86688 150p/MsgrcvdHG/Suite342/2Lands/Row/W1J6HL LDN 18yrs ,Spam
Actually i'm waiting for 2 weeks when they start putting ad.,Ham
As per your request 'Melle Melle (Oru Minnaminunginte Nurungu Vettam)' has been set as your callertune for all Callers. Press *9 to copy your friends Callertune,Ham
Dunno lei he neva say...,Ham
Wanna have a laugh? Try CHIT-CHAT on your mobile now! Logon by txting the word: CHAT and send it to No: 8883 CM PO Box 4217 London W1A 6ZF 16+ 118p/msg rcvd,Spam
Good night. Am going to sleep.,Ham
"Best msg: It's hard to be with a person, when u know that one more step foward will make u fall in love.. &amp; One step back can ruin ur friendship.. good night:-) ...",Ham
Ok. Me watching tv too.,Ham
at bruce b downs &amp; fletcher now,Ham
"Thanks, I'll keep that in mind",Ham
Nope watching tv at home... Not going out. V bored...,Ham
Yes. Please leave at  &lt;#&gt; . So that at  &lt;#&gt;  we can leave,Ham
Not tonight mate. Catching up on some sleep. This is my new number by the way. ,Ham
Not yet. Just i'd like to keep in touch and it will be the easiest way to do that from barcelona. By the way how ru and how is the house?,Ham
Its good to hear from you,Ham
XMAS iscoming & ur awarded either å£500 CD gift vouchers & free entry 2 r å£100 weekly draw txt MUSIC to 87066 TnC www.Ldew.com1win150ppmx3age16subscription ,Spam
Nvm... I'm going to wear my sport shoes anyway... I'm going to be late leh.,Ham
"Princess, is your kitty shaved or natural?",Ham
Congratulations ur awarded 500 of CD vouchers or 125gift guaranteed & Free entry 2 100 wkly draw txt MUSIC to 87066 TnCs www.Ldew.com1win150ppmx3age16,Spam
When u love someone Dont make them to love u as much as u do. But Love them so much that they dont want to be loved by anyone except you... Gud nit.,Ham
Moji just informed me that you saved our lives. Thanks.,Ham
Email AlertFrom: Jeri StewartSize: 2KBSubject: Low-cost prescripiton drvgsTo listen to email call 123,Ham
Marvel Mobile Play the official Ultimate Spider-man game (å£4.50) on ur mobile right now. Text SPIDER to 83338 for the game & we ll send u a FREE 8Ball wallpaper,Spam
"Poyyarikatur,kolathupalayam,unjalur post,erode dis, &lt;#&gt; .",Ham
Is that on the telly? No its Brdget Jones!,Ham
Yeah it's jus rite...,Ham
Do you work all this week ?,Ham
"Sorry, I'll call later",Ham
"\EY! CALM DOWNON THEACUSATIONS.. ITXT U COS IWANA KNOW WOTU R DOIN AT THEW/END... HAVENTCN U IN AGES..RING ME IF UR UP4 NETHING SAT.LOVE J XXX.\""""",Ham
ÌÏ give me some time to walk there.,Ham
Mystery solved! Just opened my email and he's sent me another batch! Isn't he a sweetie,Ham
Moby Pub Quiz.Win a å£100 High Street prize if u know who the new Duchess of Cornwall will be? Txt her first name to 82277.unsub STOP å£1.50 008704050406 SP,Spam
"Madam,regret disturbance.might receive a reference check from DLF Premarica.kindly be informed.Rgds,Rakhesh,Kerala.",Ham
She.s fine. I have had difficulties with her phone. It works with mine. Can you pls send her another friend request.,Ham
Thanx u darlin!im cool thanx. A few bday drinks 2 nite. 2morrow off! Take care c u soon.xxx,Ham
Do you know when dad will be back?,Ham
:-( that's not v romantic!,Ham
Dear where you. Call me,Ham
Yes :)it completely in out of form:)clark also utter waste.,Ham
Are you still playing with gautham?,Ham
"Wow ... I love you sooo much, you know ? I can barely stand it ! I wonder how your day goes and if you are well, my love ... I think of you and miss you",Ham
URGENT! Your Mobile number has been awarded with a å£2000 Bonus Caller Prize. Call 09058095201 from land line. Valid 12hrs only,Spam
S'fine. Anytime. All the best with it.,Ham
"Sad story of a Man - Last week was my b'day. My Wife did'nt wish me. My Parents forgot n so did my Kids . I went to work. Even my Colleagues did not wish. As I entered my cabin my PA said, '' Happy B'day Boss !!''. I felt special. She askd me 4 lunch. After lunch she invited me to her apartment. We went there. She said,'' do u mind if I go into the bedroom for a minute ? '' ''OK'', I sed in a sexy mood. She came out 5 minuts latr wid a cake...n My Wife, My Parents, My Kidz, My Friends n My Colleagues. All screaming.. SURPRISE !! and I was waiting on the sofa.. ... ..... ' NAKED...!",Ham
"MOON has come to color your dreams, STARS to make them musical and my SMS to give you warm and Peaceful Sleep. Good Night",Ham
SERIOUSLY. TELL HER THOSE EXACT WORDS RIGHT NOW.,Ham
"Ha ha nan yalrigu heltini..Iyo kothi chikku, u shared many things wit me..so far i didn't told any body and even uttered a word abt u.. If ur trusting me so much how can i tell these to others.. Plz nxt time dont use those words to me..ok, chikku:-);-)B-)",Ham
K actually can you guys meet me at the sunoco on howard? It should be right on the way,Ham
Camera - You are awarded a SiPix Digital Camera! call 09061221066 fromm landline. Delivery within 28 days.,Spam
Watching tv lor. Nice one then i like lor.,Ham
Ok but tell me half an hr b4 u come i need 2 prepare.,Ham
Huh i cant thk of more oredi how many pages do we have?,Ham
"Sir, Waiting for your mail.",Ham
How much did ur hdd casing cost.,Ham
I think i've fixed it can you send a test message?,Ham
goldviking (29/M) is inviting you to be his friend. Reply YES-762 or NO-762 See him: www.SMS.ac/u/goldviking STOP? Send STOP FRND to 62468,Spam
Y bishan lei... I tot Ì_ say lavender? ,Ham
WIN a å£200 Shopping spree every WEEK Starting NOW. 2 play text STORE to 88039. SkilGme. TsCs08714740323 1Winawk! age16 å£1.50perweeksub.,Spam
Double Mins & Double Txt & 1/2 price Linerental on Latest Orange Bluetooth mobiles. Call MobileUpd8 for the very latest offers. 08000839402 or call2optout/LF56,Spam
I am not sure about night menu. . . I know only about noon menu,Ham
"House-Maid is the murderer, coz the man was murdered on  &lt;#&gt; th January.. As public holiday all govt.instituitions are closed,including post office..understand?",Ham
Oh yeah! And my diet just flew out the window,Ham
Kinda. First one gets in at twelve! Aah. Speak tomo,Ham
"Call me, i am senthil from hsbc.",Ham
You are a great role model. You are giving so much and i really wish each day for a miracle but God as a reason for everything and i must say i wish i knew why but i dont. I've looked up to you since i was young and i still do. Have a great day.,Ham
I am going to sleep. I am tired of travel.,Ham
O ic lol. Should play 9 doors sometime yo,Ham
Got smaller capacity one? Quite ex...,Ham
"Hmm, too many of them unfortunately... Pics obviously arent hot cakes. Its kinda fun tho",Ham
I hope you that's the result of being consistently intelligent and kind. Start asking him about practicum links and keep your ears open and all the best. ttyl,Ham
U sick still can go shopping?,Ham
You dont know you jabo me abi.,Ham
SO IS TH GOWER MATE WHICH IS WHERE I AM!?! HOW R U MAN? ALL IS GOOD IN WALES ILL B BACK åÔMORROW. C U THIS WK? WHO WAS THE MSG 4? åÐ RANDOM!,Ham
"That's cool, I'll come by like  &lt;#&gt; ish",Ham
"Give her something to drink, if she takes it and doesn't vomit then you her temp might drop. If she unmits however let me know.",Ham
Me fine..absolutly fine,Ham
Honestly i've just made a lovely cup of tea and promptly dropped my keys in it and then burnt my fingers getting them out!,Ham
CERI U REBEL! SWEET DREAMZ ME LITTLE BUDDY!! C YA 2MORO! WHO NEEDS BLOKES,Ham
Reason is if the team budget is available at last they buy the unsold players for at base rate..,Ham
"I don't know, same thing that's wrong everyso often, he panicks starts goin on bout not bein good enough Û_",Ham
Good night my dear.. Sleepwell&amp;Take care,Ham
My supervisor find 4 me one lor i thk his students. I havent ask her yet. Tell u aft i ask her.,Ham
"idc get over here, you are not weaseling your way out of this shit twice in a row",Ham
Take some small dose tablet for fever,Ham
Cant think of anyone with * spare room off * top of my head,Ham
"You are a å£1000 winner or Guaranteed Caller Prize, this is our Final attempt to contact you! To Claim Call 09071517866 Now! 150ppmPOBox10183BhamB64XE",Spam
At home also.,Ham
You do got a shitload of diamonds though,Ham
Yes i think so. I am in office but my lap is in room i think thats on for the last few days. I didnt shut that down,Ham
THANX4 TODAY CER IT WAS NICE 2 CATCH UP BUT WE AVE 2 FIND MORE TIME MORE OFTEN OH WELL TAKE CARE C U SOON.C,Ham
Tmrw. Im finishing 9 doors,Ham
Thank you. do you generally date the brothas?,Ham
"Thats a bit weird, even ?- where is the do supposed to be happening? But good idea, sure they will be in pub!",Ham
Hui xin is in da lib.,Ham
\Hey sorry I didntgive ya a a bellearlier hunny,Ham
"&lt;#&gt; , that's all? Guess that's easy enough",Ham
Whatsup there. Dont u want to sleep,Ham
You stayin out of trouble stranger!!saw Dave the other day heåÕs sorted now!still with me bloke when u gona get a girl MR!ur mum still Thinks we will get 2GETHA! ,Ham
"fyi I'm at usf now, swing by the room whenever",Ham
PRIVATE! Your 2003 Account Statement for shows 800 un-redeemed S. I. M. points. Call 08715203694 Identifier Code: 40533 Expires 31/10/04,Spam
"Yeah I think my usual guy's still passed out from last night, if you get ahold of anybody let me know and I'll throw down",Ham
"Yo carlos, a few friends are already asking me about you, you working at all this weekend?",Ham
"Good! No, donÛ÷t need any receiptsÛÓwell done! (Û_) Yes, please tell . WhatÛ÷s her number, i could ring her",Ham
Should i send you naughty pix? :),Ham
PRIVATE! Your 2003 Account Statement for <fone no> shows 800 un-redeemed S. I. M. points. Call 08715203656 Identifier Code: 42049 Expires 26/10/04,Spam
I will reach before ten morning,Ham
"Customer service announcement. We recently tried to make a delivery to you but were unable to do so, please call 07090298926 to re-schedule. Ref:9307622",Spam
No:-)i got rumour that you going to buy apartment in chennai:-),Ham
when you and derek done with class?,Ham
I got lousy sleep. I kept waking up every 2 hours to see if my cat wanted to come in. I worry about him when its cold :(,Ham
Yo theres no class tmrw right?,Ham
*deep sigh* ... I miss you :-( ... I am really surprised you haven't gone to the net cafe yet to get to me ... Don't you miss me?,Ham
"Good afternoon, my love. It was good to see your words on YM and get your tm. Very smart move, my slave ... *smiles* ... I drink my coffee and await you.",Ham
Hey so this sat are we going for the intro pilates only? Or the kickboxing too? ,Ham
Goodmorning today i am late for  &lt;DECIMAL&gt; min.,Ham
Hmmm.still we dont have opener?,Ham
"Xmas Offer! Latest Motorola, SonyEricsson & Nokia & FREE Bluetooth or DVD! Double Mins & 1000 Txt on Orange. Call MobileUpd8 on 08000839402 or call2optout/4QF2",Spam
"As a valued customer, I am pleased to advise you that following recent review of your Mob No. you are awarded with a å£1500 Bonus Prize, call 09066364589",Spam
Unfortunately i've just found out that we have to pick my sister up from the airport that evening so don't think i'll be going out at all. We should try to go out one of th,Ham
We are supposed to meet to discuss abt our trip... Thought xuhui told you? In the afternoon. Thought we can go for lesson after that,Ham
I'm okay. Chasing the dream. What's good. What are you doing next.,Ham
"A Boy loved a gal. He propsd bt she didnt mind. He gv lv lttrs, Bt her frnds threw thm. Again d boy decided 2 aproach d gal , dt time a truck was speeding towards d gal. Wn it was about 2 hit d girl,d boy ran like hell n saved her. She asked 'hw cn u run so fast?' D boy replied \Boost is d secret of my energy\"" n instantly d girl shouted \""our energy\"" n Thy lived happily 2gthr drinking boost evrydy Moral of d story:- I hv free msgs:D;): gud ni8""",Ham
How much would it cost to hire a hitman,Ham
Hurt me... Tease me... Make me cry... But in the end of my life when i die plz keep one rose on my grave and say STUPID I MISS U.. HAVE A NICE DAY BSLVYL,Ham
"Gosh that , what a pain. Spose I better come then.",Ham
"Honey ? Sweetheart ? Darling ? Sexy buns ? Sugar plum ? Loverboy ? I miss you, boytoy ... *smacks your ass* Did you go to the gym too ?",Ham
Jordan got voted out last nite!,Ham
"Say this slowly.? GOD,I LOVE YOU &amp; I NEED YOU,CLEAN MY HEART WITH YOUR BLOOD.Send this to Ten special people &amp; u c miracle tomorrow, do it,pls,pls do it...",Ham
I'm job profile seems like bpo..,Ham
I'm home. Ard wat time will u reach?,Ham
That means get the door,Ham
All e best 4 ur exam later.,Ham
"You've won tkts to the EURO2004 CUP FINAL or å£800 CASH, to collect CALL 09058099801 b4190604, POBOX 7876150ppm",Spam
I can't make it tonight,Ham
Get your garden ready for summer with a FREE selection of summer bulbs and seeds worth å£33:50 only with The Scotsman this Saturday. To stop go2 notxt.co.uk,Spam
Ma head dey swell oh. Thanks for making my day,Ham
FreeMsg>FAV XMAS TONES!Reply REAL,Spam
I love you. You set my soul on fire. It is not just a spark. But it is a flame. A big rawring flame. XoXo,Ham
Congrats! Nokia 3650 video camera phone is your Call 09066382422 Calls cost 150ppm Ave call 3mins vary from mobiles 16+ Close 300603 post BCM4284 Ldn WC1N3XX,Spam
Our Prashanthettan's mother passed away last night. pray for her and family.,Ham
"Night night, see you tomorrow",Ham
Ok,Ham
In the end she might still vomit but its okay. Not everything will come out.,Ham
Then u ask darren go n pick u lor... But i oso sian tmr haf 2 meet lect...,Ham
Now only i reached home. . . I am very tired now. . I will come tomorro,Ham
We got a divorce. Lol. She.s here,Ham
Why don't you go tell your friend you're not sure you want to live with him because he smokes too much then spend hours begging him to come smoke,Ham
We tried to contact you re your reply to our offer of a Video Handset? 750 anytime any networks mins? UNLIMITED TEXT? Camcorder? Reply or call 08000930705 NOW,Spam
Or ill be a little closer like at the bus stop on the same street,Ham
Don't make life too stressfull.. Always find time to Laugh.. It may not add years to your Life! But surely adds more life to ur years!! Gud ni8..swt dreams..,Ham
Hurry home. Soup is DONE!,Ham
Joy's father is John. Then John is the ____ of Joy's father. If u ans ths you hav  &lt;#&gt;  IQ. Tis s IAS question try to answer.,Ham
"see, i knew giving you a break a few times woul lead to you always wanting to miss curfew. I was gonna gibe you 'til one, but a MIDNIGHT movie is not gonna get out til after 2. You need to come home. You need to getsleep and, if anything, you need to b studdying ear training.",Ham
Sounds better than my evening im just doing my costume. Im not sure what time i finish tomorrow but i will txt you at the end.,Ham
U have a Secret Admirer who is looking 2 make contact with U-find out who they R*reveal who thinks UR so special-call on 09065171142-stopsms-08,Spam
Think I could stop by in like an hour or so? My roommate's looking to stock up for a trip,Ham
"* Was really good to see you the other day dudette, been missing you!",Ham
my ex-wife was not able to have kids. Do you want kids one day?,Ham
URGENT! Your Mobile number has been awarded with a å£2000 prize GUARANTEED. Call 09058094454 from land line. Claim 3030. Valid 12hrs only,Spam
Oh k:)after that placement there ah?,Ham
I don't know u and u don't know me. Send CHAT to 86688 now and let's find each other! Only 150p/Msg rcvd. HG/Suite342/2Lands/Row/W1J6HL LDN. 18 years or over.,Spam
Thought we could go out for dinner. I'll treat you! Seem ok?,Ham
U say leh... Of course nothing happen lar. Not say v romantic jus a bit only lor. I thk e nite scenery not so nice leh.,Ham
"&lt;#&gt;  is fast approaching. So, Wish u a very Happy New Year Happy Sankranti Happy republic day Happy Valentines Day Happy Shivratri Happy Ugadi Happy Fools day Happy May Day Happy Independence Day, Happy Friendship,Mother,Father,Teachers,Childrens Day, &amp; HAPPY BIRTHDAY 4 U. Happy Ganesh festival Happy Dasara Happy Diwali Happy Christmas  &lt;#&gt;  Good Mornings Afternoons, Evenings Nights. RememberI AM the first to WISHING U ALL THESE...your's Raj",Ham
"Latest Nokia Mobile or iPOD MP3 Player +å£400 proze GUARANTEED! Reply with: WIN to 83355 now! Norcorp Ltd.å£1,50/Mtmsgrcvd18+",Spam
Can help u swoop by picking u up from wherever ur other birds r meeting if u want.,Ham
FREE for 1st week! No1 Nokia tone 4 ur mob every week just txt NOKIA to 8007 Get txting and tell ur mates www.getzed.co.uk POBox 36504 W45WQ norm150p/tone 16+,Spam
"Jane babes not goin 2 wrk, feel ill after lst nite. Foned in already cover 4 me chuck.:-)",Ham
"Congrats! 2 mobile 3G Videophones R yours. call 09061744553 now! videochat wid ur mates, play java games, Dload polyH music, noline rentl. bx420. ip4. 5we. 150pm",Spam
1000's of girls many local 2 u who r virgins 2 this & r ready 2 4fil ur every sexual need. Can u 4fil theirs? text CUTE to 69911(å£1.50p. m),Spam
No sir. That's why i had an 8-hr trip on the bus last week. Have another audition next wednesday but i think i might drive this time.,Ham
"Goodnight, sleep well da please take care pa. Please.",Ham
Ok no problem... Yup i'm going to sch at 4 if i rem correctly...,Ham
No. Its not specialisation. Can work but its slave labor. Will look for it this month sha cos no shakara 4 beggar.,Ham
Cancel cheyyamo?and get some money back?,Ham
"I'm nt goin, got somethin on, unless they meetin 4 dinner lor... Haha, i wonder who will go tis time...",Ham
"Congratulations - Thanks to a good friend U have WON the å£2,000 Xmas prize. 2 claim is easy, just call 08712103738 NOW! Only 10p per minute. BT-national-rate",Spam
Lol! Oops sorry! Have fun. ,Ham
No da..today also i forgot..,Ham
Todays Vodafone numbers ending with 4882 are selected to a receive a å£350 award. If your number matches call 09064019014 to receive your å£350 award.,Spam
Did u turn on the heater? The heater was on and set to &lt;#&gt; degrees.,Ham
The battery is for mr adewale my uncle. Aka Egbon,Ham
Well its not like you actually called someone a punto. That woulda been worse.,Ham
You'd like that wouldn't you? Jerk!,Ham
"Best line said in Love: . \I will wait till the day I can forget u Or The day u realize that u cannot forget me.\""... Gn""",Ham
have you ever had one foot before?,Ham
My uncles in Atlanta. Wish you guys a great semester.,Ham
I luv u soo much u donåÕt understand how special u r 2 me ring u 2morrow luv u xxx,Ham
ARR birthday today:) i wish him to get more oscar.,Ham
ÌÏ thk of wat to eat tonight.,Ham
I dunno lei... Like dun haf...,Ham
"Babe, I'm back ... Come back to me ...",Ham
Hmmm:)how many players selected?,Ham
i felt so...not any conveying reason.. Ese he... What about me?,Ham
"Sir, I need Velusamy sir's date of birth and company bank facilities details.",Ham
Thank You meet you monday,Ham
Mobile Club: Choose any of the top quality items for your mobile. 7cfca1a,Spam
"Sorry, I'll call later",Ham
I wont touch you with out your permission.,Ham
WOT U WANNA DO THEN MISSY?,Ham
Will be office around 4 pm. Now i am going hospital.,Ham
"It,,s a taxt massage....tie-pos argh ok! Lool!",Ham
Great! I have to run now so ttyl!,Ham
K:)all the best:)congrats...,Ham
Okie,Ham
Height of Confidence: All the Aeronautics professors wer calld &amp; they wer askd 2 sit in an aeroplane. Aftr they sat they wer told dat the plane ws made by their students. Dey all hurried out of d plane.. Bt only 1 didnt move... He said:\if it is made by my students,Ham
"SPJanuary Male Sale! Hot Gay chat now cheaper, call 08709222922. National rate from 1.5p/min cheap to 7.8p/min peak! To stop texts call 08712460324 (10p/min)",Spam
"Under the sea, there lays a rock. In the rock, there is an envelope. In the envelope, there is a paper. On the paper, there are 3 words... '",Ham
Honey boo I'm missing u.,Ham
All boys made fun of me today. Ok i have no problem. I just sent one message just for fun,Ham
Ringtone Club: Get the UK singles chart on your mobile each week and choose any top quality ringtone! This message is free of charge.,Spam
U 2.,Ham
"Fighting with the world is easy, u either win or lose bt fightng with some1 who is close to u is dificult if u lose - u lose if u win - u still lose.",Ham
"Solve d Case : A Man Was Found Murdered On  &lt;DECIMAL&gt; . &lt;#&gt;  AfterNoon. 1,His wife called Police. 2,Police questioned everyone. 3,Wife: Sir,I was sleeping, when the murder took place. 4.Cook: I was cooking. 5.Gardener: I was picking vegetables. 6.House-Maid: I went 2 d post office. 7.Children: We went 2 play. 8.Neighbour: We went 2 a marriage. Police arrested d murderer Immediately. Who's It? Reply With Reason, If U r Brilliant.",Ham
Ah you see. You have to be in the lingo. I will let you know wot on earth it is when has finished making it!,Ham
Oh gei. That happend to me in tron. Maybe ill dl it in 3d when its out,Ham
Is it ok if I stay the night here? Xavier has a sleeping bag and I'm getting tired,Ham
U have a secret admirer who is looking 2 make contact with U-find out who they R*reveal who thinks UR so special-call on 09058094565,Spam
Am in gobi arts college,Ham
ÌÏ go home liao? Ask dad to pick me up at 6...,Ham
December only! Had your mobile 11mths+? You are entitled to update to the latest colour camera mobile for Free! Call The Mobile Update Co FREE on 08002986906,Spam
Ok lor. Anyway i thk we cant get tickets now cos like quite late already. U wan 2 go look 4 ur frens a not? Darren is wif them now...,Ham
Somebody set up a website where you can play hold em using eve online spacebucks,Ham
Ok then i will come to ur home after half an hour,Ham
"A bit of Ur smile is my hppnss, a drop of Ur tear is my sorrow, a part of Ur heart is my life, a heart like mine wil care for U, forevr as my GOODFRIEND",Ham
Ok im not sure what time i finish tomorrow but i wanna spend the evening with you cos that would be vewy vewy lubly! Love me xxx,Ham
ÌÏ come lt 25 n pass to me lar,Ham
"I want some cock! My hubby's away, I need a real man 2 satisfy me. Txt WIFE to 89938 for no strings action. (Txt STOP 2 end, txt rec å£1.50ea. OTBox 731 LA1 7WS. )",Spam
T-Mobile customer you may now claim your FREE CAMERA PHONE upgrade & a pay & go sim card for your loyalty. Call on 0845 021 3680.Offer ends 28thFeb.T&C's apply,Spam
I don't quite know what to do. I still can't get hold of anyone. I cud pick you up bout 7.30pm and we can see if they're in the pub?,Ham
Orh i tot u say she now still dun believe.,Ham
If you ask her or she say any please message.,Ham
Do you want 750 anytime any network mins 150 text and a NEW VIDEO phone for only five pounds per week call 08002888812 or reply for delivery tomorrow,Spam
This msg is for your mobile content order It has been resent as previous attempt failed due to network error Queries to customersqueries@netvision.uk.com,Spam
"Can you pls pls send me a mail on all you know about relatives coming to deliver here? All you know about costs, risks, benefits and anything else. Thanks.",Ham
Ujhhhhhhh computer shipped out with address to sandiago and parantella lane. Wtf. Poop.,Ham
U WILL SWITCH YOUR FONE ON DAMMIT!!,Ham
"I'll get there at 3, unless you guys want me to come some time sooner",Ham
XCLUSIVE@CLUBSAISAI 2MOROW 28/5 SOIREE SPECIALE ZOUK WITH NICHOLS FROM PARIS.FREE ROSES 2 ALL LADIES !!! info: 07946746291/07880867867 ,Ham
Mark works tomorrow. He gets out at 5. His work is by your house so he can meet u afterwards.,Ham
Hello handsome ! Are you finding that job ? Not being lazy ? Working towards getting back that net for mummy ? Where's my boytoy now ? Does he miss me ?,Ham
Free msg: Single? Find a partner in your area! 1000s of real people are waiting to chat now!Send CHAT to 62220Cncl send STOPCS 08717890890å£1.50 per msg,Spam
Change windows logoff sound..,Ham
"Cant believe i said so many things to you this morning when all i really wanted to say was good morning, i love you! Have a beautiful morning. See you in the library later.",Ham
Going for dinner.msg you after.,Ham
Sorry for the delay. Yes masters,Ham
Aiyar sorry lor forgot 2 tell u...,Ham
Tell me they're female :V how're you throwing in? We're deciding what all to get now,Ham
We have to pick rayan macleran there.,Ham
I'm thinking that chennai forgot to come for auction..,Ham
"Hello, my love. What are you doing? Did you get to that interview today? Are you you happy? Are you being a good boy? Do you think of me?Are you missing me ?",Ham
There is a first time for everything :),Ham
Ok... But bag again..,Ham
Early bird! Any purchases yet?,Ham
"Download as many ringtones as u like no restrictions, 1000s 2 choose. U can even send 2 yr buddys. Txt Sir to 80082 å£3 ",Ham
"Mon okie lor... Haha, best is cheap n gd food la, ex oso okie... Depends on whether wana eat western or chinese food... Den which u prefer... ",Ham
ROMCAPspam Everyone around should be responding well to your presence since you are so warm and outgoing. You are bringing in a real breath of sunshine.,Ham
K...k:)why cant you come here and search job:),Ham
Free 1st week entry 2 TEXTPOD 4 a chance 2 win 40GB iPod or å£250 cash every wk. Txt VPOD to 81303 Ts&Cs www.textpod.net custcare 08712405020.,Spam
I dun believe u. I thk u told him.,Ham
Yes when is the appt again?,Ham
Jason says it's cool if we pick some up from his place in like an hour,Ham
"Its ok, if anybody asks abt me, u tel them..:-P",Ham
I like cheap! But iÛ÷m happy to splash out on the wine if it makes you feel better..,Ham
Dunno leh cant remember mayb lor. So wat time r we meeting tmr?,Ham
I said its okay. Sorry,Ham
(You didn't hear it from me),Ham
"Do you realize that in about 40 years, we'll have thousands of old ladies running around with tattoos?",Ham
"Honeybee Said: *I'm d Sweetest in d World* God Laughed &amp; Said: *Wait,U Havnt Met d Person Reading This Msg* MORAL: Even GOD Can Crack Jokes! GM+GN+GE+GN:)",Ham
I'll let you know when it kicks in,Ham
Yes :)it completely in out of form:)clark also utter waste.,Ham
"K I'm ready,  &lt;#&gt; ?",Ham
He's really into skateboarding now despite the fact that he gets thrown off of it and winds up with bandages and shit all over his arms every five minutes,Ham
Then she buying today? ÌÏ no need to c meh...,Ham
Fwiw the reason I'm only around when it's time to smoke is that because of gas I can only afford to be around when someone tells me to be and that apparently only happens when somebody wants to light up,Ham
Lmao. Take a pic and send it to me.,Ham
Wat time u finish ur lect today?,Ham
Cab is available.they pick up and drop at door steps.,Ham
We stopped to get ice cream and will go back after,Ham
Tomorrow i am not going to theatre. . . So i can come wherever u call me. . . Tell me where and when to come tomorrow,Ham
Howz that persons story,Ham
This message is from a great Doctor in India:-): 1) Do not drink APPY FIZZ. It contains Cancer causing age,Ham
Our ride equally uneventful - not too many of those pesky cyclists around at that time of night ;).,Ham
Just sing HU. I think its also important to find someone female that know the place well preferably a citizen that is also smart to help you navigate through. Even things like choosing a phone plan require guidance. When in doubt ask especially girls.,Ham
Never blame a day in ur life. Good days give u happiness. Bad days give u experience. Both are essential in life! All are Gods blessings! good morning.:,Ham
"Good afternon, my love. How are today? I hope your good and maybe have some interviews. I wake and miss you babe. A passionate kiss from across the sea",Ham
Apps class varaya elaya.,Ham
I need... Coz i never go before ,Ham
Do you want a NEW video phone750 anytime any network mins 150 text for only five pounds per week call 08000776320 now or reply for delivery tomorrow,Spam
if you text on your way to cup stop that should work. And that should be BUS,Ham
I know but you need to get hotel now. I just got my invitation but i had to apologise. Cali is to sweet for me to come to some english bloke's weddin,Ham
"URGENT! You have won a 1 week FREE membership in our å£100,000 Prize Jackpot! Txt the word: CLAIM to No: 81010 T&C www.dbuk.net LCCLTD POBOX 4403LDNW1A7RW18",Spam
Yup i thk cine is better cos no need 2 go down 2 plaza mah.,Ham
Are you at work right now ?,Ham
"She said,'' do u mind if I go into the bedroom for a minute ? '' ''OK'', I sed in a sexy mood. She came out 5 minuts latr wid a cake...n My Wife,",Ham
Life spend with someone for a lifetime may be meaningless but a few moments spent with someone who really love you means more than life itself..,Ham
Get the official ENGLAND poly ringtone or colour flag on yer mobile for tonights game! Text TONE or FLAG to 84199. Optout txt ENG STOP Box39822 W111WX å£1.50,Spam
I want snow. It's just freezing and windy.,Ham
Oh ok..,Ham
I'm on the bus. Love you,Ham
Will do. Was exhausted on train this morning. Too much wine and pie. You sleep well too,Ham
No she didnt. I will search online and let you know.,Ham
"It's ok, at least armand's still around",Ham
I love to cuddle! I want to hold you in my strong arms right now...,Ham
Do you always celebrate NY's with your family ?,Ham
Call me when u're done...,Ham
"Sorry,in meeting I'll call later",Ham
"I'm a guy, browsin is compulsory",Ham
Mm umma ask vava also to come tell him can play later together,Ham
Yes i have. So that's why u texted. Pshew...missing you so much,Ham
I love working from home :),Ham
K I'll call you when I'm close,Ham
How are you. Wish you a great semester,Ham
One of best dialogue in cute reltnship..!! \Wen i Die,Ham
NOT MUCH NO FIGHTS. IT WAS A GOOD NITE!!,Ham
On the road so cant txt,Spam
What you need. You have a person to give na.,Ham
Yes see ya not on the dot,Ham
Let me know if you need anything else. Salad or desert or something... How many beers shall i get?,Ham
Hey i will be really pretty late... You want to go for the lesson first? I will join you. I'm only reaching tp mrt,Ham
I am back. Bit long cos of accident on a30. Had to divert via wadebridge.I had a brilliant weekend thanks. Speak soon. Lots of love,Ham
"That day Ì_ say Ì_ cut ur hair at paragon, is it called hair sense? Do Ì_ noe how much is a hair cut? ",Ham
Will you come online today night,Ham
Olol i printed out a forum post by a guy with the exact same  prob which was fixed with a gpu replacement. Hopefully they dont ignore that.,Ham
I don't run away frm u... I walk slowly &amp; it kills me that u don't care enough to stop me...,Ham
U have a secret admirer who is looking 2 make contact with U-find out who they R*reveal who thinks UR so special-call on 09058094599,Spam
He is world famamus....,Ham
Hmm. Shall i bring a bottle of wine to keep us amused? Just joking! I'll still bring a bottle. Red or white? See you tomorrow,Ham
"Night sweet, sleep well! I've just been to see The Exorcism of Emily Rose and may never sleep again! Hugs and snogs! ",Ham
Yes..he is really great..bhaji told kallis best cricketer after sachin in world:).very tough to get out.,Ham
Update your face book status frequently :),Ham
"Just making dinner, you ?",Ham
I'm doing da intro covers energy trends n pros n cons... Brief description of nuclear fusion n oso brief history of iter n jet got abt 7 n half pages..,Ham
Hey gorgeous man. My work mobile number is. Have a good one babe. Squishy Mwahs.,Ham
"You can stop further club tones by replying \STOP MIX\"" See my-tone.com/enjoy. html for terms. Club tones cost GBP4.50/week. MFL",Spam
"I haven't forgotten you, i might have a couple bucks to send you tomorrow, k? I love ya too",Ham
I don wake since. I checked that stuff and saw that its true no available spaces. Pls call the embassy or send a mail to them.,Ham
If you are not coughing then its nothing,Ham
"Awesome, be there in a minute",Ham
Double your mins & txts on Orange or 1/2 price linerental - Motorola and SonyEricsson with B/Tooth FREE-Nokia FREE Call MobileUpd8 on 08000839402 or2optout/HV9D,Spam
"Hi elaine, is today's meeting confirmed?",Ham
That's the way you should stay oh.,Ham
Sorry dude. Dont know how i forgot. Even after Dan reminded me. Sorry. Hope you guys had fun.,Ham
Ok lor... Sony ericsson salesman... I ask shuhui then she say quite gd 2 use so i considering...,Ham
K come to nordstrom when you're done,Ham
"K, if u bored up just come to my home..",Ham
Can come my room but cannot come my house cos my house still messy... Haha...,Ham
"Oops I did have it,  &lt;#&gt; ?",Ham
No..he joined today itself.,Ham
"FreeMsg Hey U, i just got 1 of these video/pic fones, reply WILD to this txt & ill send U my pics, hurry up Im so bored at work xxx (18 150p/rcvd STOP2stop)",Spam
Hey you can pay. With salary de. Only  &lt;#&gt; .,Ham
"Turns out my friends are staying for the whole show and won't be back til ~ &lt;#&gt; , so feel free to go ahead and smoke that $ &lt;#&gt;  worth",Ham
Its a big difference.  &lt;#&gt;  versus  &lt;#&gt;  every  &lt;#&gt; hrs,Ham
Let me know how to contact you. I've you settled in a room. Lets know you are ok.,Ham
Right it wasnt you who phoned it was someone with a number like yours!,Ham
Can you pls send me that company name. In saibaba colany,Ham
Leave it wif me lar... ÌÏ wan to carry meh so heavy... Is da num 98321561 familiar to Ì_?,Ham
I'm home. Doc gave me pain meds says everything is fine.,Ham
You're not sure that I'm not trying to make xavier smoke because I don't want to smoke after being told I smoke too much?,Ham
Still chance there. If you search hard you will get it..let have a try :),Ham
"Yeah, we can probably swing by once my roommate finishes up with his girl",Ham
Adult 18 Content Your video will be with you shortly,Spam
"Do 1 thing! Change that sentence into: \Because i want 2 concentrate in my educational career im leaving here..\""""",Ham
We tried to contact you re your reply to our offer of a Video Phone 750 anytime any network mins Half Price Line Rental Camcorder Reply or call 08000930705,Spam
Come to my home for one last time i wont do anything. Trust me.,Ham
At what time are you coming.,Ham
Let Ur Heart Be Ur Compass Ur Mind Ur Map Ur Soul Ur Guide And U Will Never loose in world....gnun - Sent via WAY2SMS.COM,Ham
Nvm it's ok...,Ham
K.k..how is your sister kids?,Ham
At the funeral home with Audrey and dad,Ham
"\Hello-/@drivby-:0quit edrunk sorry iff pthis makes no senrd-dnot no how ^ dancce 2 drum n basq!ihave fun 2nhite x ros xxxxxxx\""""",Ham
Then what about further plan?,Ham
Ugh my leg hurts. Musta overdid it on mon.,Ham
From here after The performance award is calculated every two month.not for current one month period..,Ham
"Uncle G, just checking up on you. Do have a rewarding month",Ham
"Edison has rightly said, \A fool can ask more questions than a wise man can answer\"" Now you know why all of us are speechless during ViVa.. GM",Ham
Exactly. Anyways how far. Is jide her to study or just visiting,Ham
Ur cash-balance is currently 500 pounds - to maximize ur cash-in now send CASH to 86688 only 150p/msg. CC: 08708800282 HG/Suite342/2Lands Row/W1J6HL,Spam
Good. Good job. I like entrepreneurs,Ham
Meet after lunch la...,Ham
G.W.R,Ham
Ya that one is slow as poo,Ham
In work now. Going have in few min.,Ham
"Oh yes, why is it like torture watching england?",Ham
"A swt thought: \Nver get tired of doing little things 4 lovable persons..\"" Coz..somtimes those little things occupy d biggest part in their Hearts.. Gud ni8""",Ham
You call him now ok i said call him,Ham
"Probably, want to pick up more?",Ham
"I'm not sure, I was just checking out what was happening around the area",Ham
"Say this slowly.? GOD,I LOVE YOU &amp; I NEED YOU,CLEAN MY HEART WITH YOUR BLOOD.Send this to Ten special people &amp; u c miracle tomorrow, do it,pls,pls do it...",Ham
S....s...india going to draw the series after many years in south african soil..,Ham
Nah im goin 2 the wrks with j wot bout u?,Ham
Mind blastin.. No more Tsunamis will occur from now on.. Rajnikant stopped swimming in Indian Ocean..:-D,Ham
But your brother transfered only  &lt;#&gt;  +  &lt;#&gt; . Pa.,Ham
"Hungry gay guys feeling hungry and up 4 it, now. Call 08718730555 just 10p/min. To stop texts call 08712460324 (10p/min)",Spam
How are you doing? Hope you've settled in for the new school year. Just wishin you a gr8 day,Ham
I was up all night too worrying about this appt. It's a shame we missed a girls night out with quizzes popcorn and you doing my hair.,Ham
These won't do. Have to move on to morphine,Spam
"Yetunde, i'm sorry but moji and i seem too busy to be able to go shopping. Can you just please find some other way to get what you wanted us to get. Please forgive me. You can reply free via yahoo messenger.",Ham
Ok no prob,Ham
Are there TA jobs available? Let me know please cos i really need to start working,Ham
Anyway seriously hit me up when you're back because otherwise I have to light up with armand and he always has shit and/or is vomiting,Ham
I'm leaving my house now.,Ham
Roger that. WeÛ÷re probably going to rem in about 20,Ham
Ugh I don't wanna get out of bed. It's so warm.,Ham
"Sir, good morning. Hope you had a good weekend. I called to let you know that i was able to raise  &lt;#&gt;  from my dad. He however said he would make the rest available by mid feb. This amount is still quite short and i was hoping you would help. Do have a good day. Abiola",Ham
"Im sorry bout last nite it wasnåÕt ur fault it was me, spouse it was pmt or sumthin! U 4give me? I think u shldxxxx",Ham
"URGENT! Your mobile No *********** WON a å£2,000 Bonus Caller Prize on 02/06/03! This is the 2nd attempt to reach YOU! Call 09066362220 ASAP! BOX97N7QP, 150ppm",Spam
Or better still can you catch her and let ask her if she can sell  &lt;#&gt;  for me.,Ham
"The table's occupied, I'm waiting by the tree",Spam
My planning usually stops at \find hella weed,Ham
"Gumby's has a special where a  &lt;#&gt; \ cheese pizza is $2 so I know what we're doin tonight""",Ham
My stomach has been thru so much trauma I swear I just can't eat. I better lose weight.,Ham
I am in hospital da. . I will return home in evening,Ham
Hey do you want anything to buy:),Ham
yes baby! I need to stretch open your pussy!,Ham
Jay's getting really impatient and belligerent,Ham
"HOT LIVE FANTASIES call now 08707509020 Just 20p per min NTT Ltd, PO Box 1327 Croydon CR9 5WB 0870..k",Spam
Send me your resume:-),Ham
Howz that persons story,Ham
"Actually, my mobile is full of msg. And i m doing a work online, where i need to send them  &lt;#&gt;  sent msg i wil explain u later.",Ham
Arun can u transfr me d amt,Ham
Haha... can... But i'm having dinner with my cousin...,Ham
Super da:)good replacement for murali,Ham
I have no idea where you are,Ham
Just chill for another 6hrs. If you could sleep the pain is not a surgical emergency so see how it unfolds. Okay,Ham
"Remember all those whom i hurt during days of satanic imposter in me.need to pay a price,so be it.may destiny keep me going and as u said pray that i get the mind to get over the same.",Ham
Short But Cute : \ Be a good person ,Ham
"Imagine you finally get to sink into that bath after I have put you through your paces, maybe even having you eat me for a while before I left ... But also imagine the feel of that cage on your cock surrounded by the bath water, reminding you always who owns you ... Enjoy, my cuck",Ham
Eh u send wrongly lar...,Ham
Ha... U jus ate honey ar? So sweet...,Ham
Ummmmmaah Many many happy returns of d day my dear sweet heart.. HAPPY BIRTHDAY dear,Ham
"chile, please! It's only a  &lt;DECIMAL&gt;  hour drive for me. I come down all the time and will be subletting feb-april for audition season.",Ham
"When people see my msgs, They think Iam addicted to msging... They are wrong, Bcoz They don\'t know that Iam addicted to my sweet Friends..!! BSLVYL",Ham
Hello- thanx for taking that call. I got a job! Starts on monday!,Ham
I called and said all to him:)then he have to choose this future.,Ham
Pls accept me for one day. Or am begging you change the number.,Ham
Eh ur laptop got no stock lei... He say mon muz come again to take a look c got a not...,Ham
"Yo, call me when you get the chance, a friend of mine wanted me to ask you about a big order",Ham
Can you let me know details of fri when u find out cos I'm not in tom or fri. mentionned chinese. Thanks,Ham
Reverse is cheating. That is not mathematics.,Ham
You still at the game?,Ham
"Goodmorning, today i am late for 2hrs. Because of back pain.",Ham
Were somewhere on Fredericksburg,Ham
"FreeMSG You have been awarded a FREE mini DIGITAL CAMERA, just reply SNAP to collect your prize! (quizclub Opt out? Stop 80122300p/wk SP:RWM Ph:08704050406)",Spam
SORRY IM STIL FUCKED AFTER LAST NITE WENT TOBED AT 430 GOT UP 4 WORK AT 630,Ham
Watch lor. I saw a few swatch one i thk quite ok. Ard 116 but i need 2nd opinion leh...,Ham
Should I be stalking u?,Ham
Hey I am really horny want to chat or see me naked text hot to 69698 text charged at 150pm to unsubscribe text stop 69698,Spam
Can i get your opinion on something first?,Ham
I dont have that much image in class.,Ham
RCT' THNQ Adrian for U text. Rgds Vatian,Spam
I have had two more letters from . I will copy them for you cos one has a message for you. Speak soon,Ham
Oh ok.. Wat's ur email?,Ham
What year. And how many miles.,Ham
Free entry in 2 a wkly comp to win FA Cup final tkts 21st May 2005. Text FA to 87121 to receive entry question(std txt rate)T&C's apply 08452810075over18's,Spam
"I can't right this second, gotta hit people up first",Ham
Well thats nice. Too bad i cant eat it,Ham
ITS A LAPTOP TAKE IT WITH YOU.,Ham
"Double mins and txts 4 6months FREE Bluetooth on Orange. Available on Sony, Nokia Motorola phones. Call MobileUpd8 on 08000839402 or call2optout/N9DX",Spam
No problem with the renewal. I.ll do it right away but i dont know his details.,Ham
I'm glad. You are following your dreams.,Ham
Nokia phone is lovly..,Ham
I will be gentle princess! We will make sweet gentle love...,Ham
Uncle boye. I need movies oh. Guide me. Plus you know torrents are not particularly legal here. And the system is slowing down. What should i do. Have a gr8 day. Plus have you started cos i dont meet you online. How was the honey moon.,Ham
U buy newspapers already?,Ham
If you have belive me. Come to my home.,Ham
He's just gonna worry for nothing. And he won't give you money its no use.,Ham
It is a good thing I'm now getting the connection to bw,Ham
Same. Wana plan a trip sometme then,Ham
U gd lor go shopping i got stuff to do. U wan 2 watch infernal affairs a not? Come lar...,Ham
Purity of friendship between two is not about smiling after reading the forwarded message..Its about smiling just by seeing the name. Gud evng,Ham
Oops. 4 got that bit.,Ham
Even my brother is not like to speak with me. They treat me like aids patent.,Ham
Beautiful truth : Expression of the face could Be seen by everyone... But the depression of heart Could be understood only By the Loved ones.. Gud Ni8;-),Ham
Lmao!nice 1,Ham
Wat makes some people dearer is not just de happiness dat u feel when u meet them but de pain u feel when u miss dem!!!,Ham
What your plan for pongal?,Ham
"Hey babe, my friend had to cancel, still up for a visit ?",Ham
Thank u!,Ham
Take something for pain. If it moves however to any side in the next 6hrs see a doctor.,Ham
WIN a year supply of CDs 4 a store of ur choice worth å£500 & enter our å£100 Weekly draw txt MUSIC to 87066 Ts&Cs www.Ldew.com.subs16+1win150ppmx3,Spam
"Yup, leaving right now, be back soon",Ham
Aaooooright are you at work?,Ham
Shall i come to get pickle,Ham
"Hi ya babe x u 4goten bout me?' scammers getting smart..Though this is a regular vodafone no, if you respond you get further prem rate msg/subscription. Other nos used also. Beware!",Ham
Great! I hope you like your man well endowed. I am  &lt;#&gt;  inches...,Ham
"Sorry, I'll call later",Ham
I wnt to buy a BMW car urgently..its vry urgent.but hv a shortage of  &lt;#&gt; Lacs.there is no source to arng dis amt. &lt;#&gt; lacs..thats my prob,Ham
4mths half price Orange line rental & latest camera phones 4 FREE. Had your phone 11mths ? Call MobilesDirect free on 08000938767 to update now! or2stoptxt,Spam
ILL B DOWN SOON,Ham
ALRITE,Ham
"Velly good, yes please!",Ham
If he started searching he will get job in few days.he have great potential and talent.,Ham
Never blame a day in ur life. Good days give u happiness. Bad days give u experience. Both are essential in life! All are Gods blessings! good morning.:,Ham
Pathaya enketa maraikara pa',Ham
Hey i've booked the pilates and yoga lesson already... Haha,Ham
Thanks for the Vote. Now sing along with the stars with Karaoke on your mobile. For a FREE link just reply with SING now.,Spam
Every day i use to sleep after  &lt;#&gt;  so only.,Ham
Yay! You better not have told that to 5 other girls either.,Ham
Lol! Nah wasn't too bad thanks. Its good to b home but its been quite a reality check. Hows ur day been? Did u do anything with website?,Ham
"I sent you the prices and do you mean the  &lt;#&gt; g,",Ham
December only! Had your mobile 11mths+? You are entitled to update to the latest colour camera mobile for Free! Call The Mobile Update Co FREE on 08002986906,Spam
I'm awake oh. What's up.,Ham
That's a shame! Maybe cld meet for few hrs tomo?,Ham
+123 Congratulations - in this week's competition draw u have won the å£1450 prize to claim just call 09050002311 b4280703. T&Cs/stop SMS 08718727868. Over 18 only 150ppm,Spam
I cant pick the phone right now. Pls send a message,Ham
"Sorry,  in meeting I'll call you later",Ham
"You at mu? You should try to figure out how much money everyone has for gas and alcohol, jay and I are trying to figure out our weed budget",Ham
URGENT! We are trying to contact U. Todays draw shows that you have won a å£800 prize GUARANTEED. Call 09050003091 from land line. Claim C52. Valid 12hrs only,Spam
Water logging in desert. Geoenvironmental implications.,Ham
Joy's father is John. Then John is the ____ of Joy's father. If u ans ths you hav  &lt;#&gt;  IQ. Tis s IAS question try to answer.,Ham
Haiyoh... Maybe your hamster was jealous of million,Ham
Oh unintentionally not bad timing. Great. Fingers  the trains play along! Will give fifteen min warning.,Ham
Then Ì_ wait 4 me at bus stop aft ur lect lar. If i dun c Ì_ then i go get my car then come back n pick Ì_.,Ham
Umma. Did she say anything,Ham
How u doin baby girl ?? hope u are okay every time I call ure phone is off! I miss u get in touch,Ham
Send his number and give reply tomorrow morning for why you said that to him like that ok,Ham
Well you told others you'd marry them...,Ham
"Please protect yourself from e-threats. SIB never asks for sensitive information like Passwords,ATM/SMS PIN thru email. Never share your password with anybody.",Ham
Guess which pub im in? Im as happy as a pig in clover or whatever the saying is! ,Ham
No let me do the math. Your not good at it.,Ham
Doesn't g have class early tomorrow and thus shouldn't be trying to smoke at  &lt;#&gt;,Ham
How are you babes. Hope your doing ok. I had a shit nights sleep. I fell asleep at 5.IåÕm knackered and iåÕm dreading work tonight. What are thou upto tonight. X,Ham
Reply to win å£100 weekly! What professional sport does Tiger Woods play? Send STOP to 87239 to end service,Spam
GENT! We are trying to contact you. Last weekends draw shows that you won a å£1000 prize GUARANTEED. Call 09064012160. Claim Code K52. Valid 12hrs only. 150ppm,Spam
Stop the story. I've told him i've returned it and he's saying i should not re order it.,Ham
"We have sent JD for Customer Service cum Accounts Executive to ur mail id, For details contact us",Ham
Just re read it and I have no shame but tell me how he takes it and if he runs I will blame u 4 ever!! Not really 4 ever just a long time ,Ham
"Well, I meant as opposed to my drunken night of before",Ham
"She was supposed to be but couldn't make it, she's still in town though",Ham
